Date,GeoID,County,Area,Percentage_in_Poverty,Poverty_Category_Code,Number_of_Cases,Population_Size,Percent,Percent_Category
2.02E+07,3.50E+10,Otero,N/A,0.47,6,1734,"10,442",0.1661,1
2.02E+07,3.50E+10,San Juan,N/A,0.26,4,868,"6,142",0.1413,1
2.02E+07,3.50E+10,Luna,N/A,0.35,5,379,"2,736",0.1385,1
2.02E+07,3.50E+10,Chaves,N/A,0.18,3,371,"2,999",0.1237,1
2.02E+07,3.50E+10,Bernalillo,Southwest,0.15,3,1247,"10,290",0.1212,1
2.02E+07,3.50E+10,Mckinley,N/A,0.3,4,359,"3,469",0.1035,1
2.02E+07,3.51E+10,Santa Fe County,State Pen,N/A,N/A,97,959,0.1011,1
2.02E+07,3.50E+10,Sandoval,Other West,0.3,5,258,"2,575",0.1002,1
2.02E+07,3.50E+10,San Juan,N/A,0.16,3,362,"3,636",0.0996,1
2.02E+07,3.50E+10,Mckinley,SW,0.3,5,591,"6,470",0.0913,2
2.02E+07,3.51E+10,Socorro,N/A,0.18,3,147,"1,660",0.0886,2
2.02E+07,3.50E+10,Dona Ana,N/A,0.29,4,538,"6,137",0.0877,2
2.02E+07,3.50E+10,McKinley,NW,0.45,6,508,"5,879",0.0864,2
2.02E+07,3.50E+10,Dona Ana,Sunland Park,0.45,6,337,"3,933",0.0857,2
2.02E+07,3.50E+10,Dona Ana,Sunland Park,0.37,5,506,"6,092",0.0831,2
2.02E+07,3.50E+10,Cibola,N/A,0.19,3,531,"6,460",0.0822,2
2.02E+07,3.50E+10,Bernalillo,Chavez OneEighteenth,0.34,5,91,"1,160",0.0784,2
2.02E+07,3.50E+10,Dona Ana,Sunland Park,0.38,5,259,"3,348",0.0774,2
2.02E+07,3.50E+10,Lea,N/A,0.12,3,269,"3,490",0.0771,2
2.02E+07,3.50E+10,Mckinley,Other,0.5,6,437,"5,708",0.0766,2
2.02E+07,3.50E+10,Sandoval,N/A,0.24,4,313,"4,095",0.0764,2
2.02E+07,3.50E+10,Santa Fe,Agua Fria Neighborhood & Downtown,0.08,2,21,282,0.0745,2
2.02E+07,3.50E+10,Dona Ana,Hatch and Surrounding Area,0.41,6,431,"5,977",0.0721,2
2.02E+07,3.50E+10,Dona Ana,Anthony Berino Chaparral,0.47,6,444,"6,220",0.0714,2
2.02E+07,3.50E+10,Rio Arriba,N/A,0.29,4,249,"3,505",0.071,2
2.02E+07,3.50E+10,Bernalillo,N/A,0.26,4,309,"4,371",0.0707,2
2.02E+07,3.50E+10,Sandoval,Other East,0.35,5,283,"4,009",0.0706,2
2.02E+07,3.50E+10,Mckinley,Gallup,0.3,5,363,"5,248",0.0692,2
2.02E+07,3.50E+10,Chaves,Roswell S.E.,0.37,5,335,"4,930",0.068,2
2.02E+07,3.50E+10,Dona Ana,Anthony Berino Chaparral,0.43,6,278,"4,127",0.0674,2
2.02E+07,3.50E+10,San Juan,N/A,0.22,4,242,"3,611",0.067,2
2.02E+07,3.50E+10,Mckinley,Gallup,0.35,5,436,"6,533",0.0667,2
2.02E+07,3.50E+10,Bernalillo,N/A,0.23,4,134,"2,015",0.0665,2
2.02E+07,3.50E+10,Otero,Other,0.32,5,255,"3,867",0.0659,2
2.02E+07,3.51E+10,Socorro,N/A,0.67,6,93,"1,444",0.0644,2
2.02E+07,3.50E+10,Mckinley,SW,0.42,6,270,"4,232",0.0638,2
2.02E+07,3.50E+10,Dona Ana,N/A,0.26,4,377,"5,914",0.0637,2
2.02E+07,3.50E+10,Chaves,Roswell S.E.,0.18,3,278,"4,392",0.0633,2
2.02E+07,3.50E+10,Curry,Clovis West,0.2,4,266,"4,223",0.063,2
2.02E+07,3.50E+10,Curry,Clovis West,0.38,5,310,"5,105",0.0607,2
2.02E+07,3.50E+10,Luna,N/A,0.24,4,352,"5,804",0.0606,2
2.02E+07,3.50E+10,Santa Fe,Airport Road,0.17,3,342,"5,652",0.0605,2
2.02E+07,3.50E+10,San Juan,N/A,0.17,3,123,"2,037",0.0604,2
2.02E+07,3.50E+10,San Juan,N/A,0.16,3,438,"7,529",0.0582,2
2.02E+07,3.50E+10,Bernalillo,N/A,0.19,3,137,"2,363",0.058,2
2.02E+07,3.50E+10,Mckinley,NW,0.42,6,351,"6,153",0.057,2
2.02E+07,3.50E+10,Chaves,Roswell S.E.,0.3,5,115,"2,023",0.0568,2
2.02E+07,3.50E+10,Chaves,Roswell N.W.,0.13,3,154,"2,723",0.0566,2
2.02E+07,3.50E+10,Mckinley,Gallup,0.49,6,178,"3,164",0.0563,2
2.02E+07,3.50E+10,Curry,Clovis West,0.31,5,135,"2,407",0.0561,2
2.02E+07,3.50E+10,Dona Ana,Anthony Berino Chaparral,0.42,6,371,"6,743",0.055,2
2.02E+07,3.50E+10,Luna,N/A,0.32,5,287,"5,255",0.0546,3
2.02E+07,3.50E+10,Luna,N/A,0.28,4,127,"2,327",0.0546,3
2.02E+07,3.50E+10,Lea,N/A,0.21,4,168,"3,085",0.0545,3
2.02E+07,3.50E+10,Mckinley,SW,0.42,6,119,"2,188",0.0544,3
2.02E+07,3.50E+10,San Juan,North/Aztec,0.11,3,107,"1,974",0.0542,3
2.02E+07,3.50E+10,Lea,Hobbs So.,0.32,5,231,"4,316",0.0535,3
2.02E+07,3.50E+10,Santa Fe,Agua Fria Village,0.19,3,162,"3,031",0.0534,3
2.02E+07,3.50E+10,Curry,Clovis East,0.2,4,335,"6,379",0.0525,3
2.02E+07,3.50E+10,Santa Fe,Agua Fria Village,0.18,3,319,"6,110",0.0522,3
2.02E+07,3.50E+10,Bernalillo,Comanche Carlysle,0.41,6,243,"4,670",0.052,3
2.02E+07,3.50E+10,Roosevelt,"Roosevelt County/Curry County, Other",0.44,6,189,"3,647",0.0518,3
2.02E+07,3.50E+10,Chaves,Roswell N.W.,0.16,3,294,"5,686",0.0517,3
2.02E+07,3.50E+10,Roosevelt/Curry,N/A,0.22,4,217,"4,223",0.0514,3
2.02E+07,3.50E+10,Curry,Clovis West,0.27,4,224,"4,388",0.051,3
2.02E+07,3.50E+10,Luna,N/A,0.28,4,216,"4,240",0.0509,3
2.02E+07,3.50E+10,Bernalillo,Chavez OneEighteenth,0.15,3,318,"6,270",0.0507,3
2.02E+07,3.50E+10,Lea,N/A,0.05,2,141,"2,842",0.0496,3
2.02E+07,3.50E+10,Lea,N/A,0.11,3,230,"4,681",0.0491,3
2.02E+07,3.50E+10,Eddy,Carlsbad,0.12,3,287,"5,854",0.049,3
2.02E+07,3.50E+10,Hidalgo,"Hidalgo County/Grant County, Other",0.34,5,118,"2,406",0.049,3
2.02E+07,3.50E+10,Roosevelt,"Roosevelt County/Curry County, Other",0.3,5,227,"4,630",0.049,3
2.02E+07,3.50E+10,Cibola,N/A,0.38,5,254,"5,251",0.0484,3
2.02E+07,3.50E+10,Chaves,Roswell N.W.,0.08,2,225,"4,710",0.0478,3
2.02E+07,3.50E+10,Lea,Hobbs No.,0.15,3,332,"6,955",0.0477,3
2.02E+07,3.50E+10,San Juan,West,0.41,6,237,"4,971",0.0477,3
2.02E+07,3.50E+10,Curry,Clovis East,0.42,6,231,"4,874",0.0474,3
2.02E+07,3.50E+10,Eddy,Carlsbad,0.26,4,231,"4,876",0.0474,3
2.02E+07,3.50E+10,Lea,Hobbs So.,0.24,4,179,"3,812",0.047,3
2.02E+07,3.50E+10,Chaves,Roswell S.E.,0.21,4,180,"3,838",0.0469,3
2.02E+07,3.50E+10,Dona Ana,South Valley,0.27,4,328,"7,020",0.0467,3
2.02E+07,3.50E+10,Santa Fe,Bellamah/Stamm,0.24,4,125,"2,689",0.0465,3
2.02E+07,3.50E+10,Lea,Hobbs So.,0.29,4,175,"3,771",0.0464,3
2.02E+07,3.50E+10,Chaves,Roswell N.W.,0.24,4,297,"6,422",0.0462,3
2.02E+07,3.50E+10,San Juan,N/A,0.14,3,147,"3,197",0.046,3
2.02E+07,3.50E+10,Lea,Hobbs No.,0.08,2,187,"4,115",0.0454,3
2.02E+07,3.50E+10,Cibola,N/A,0.43,6,95,"2,097",0.0453,3
2.02E+07,3.50E+10,Curry,Clovis East,0.16,3,165,"3,656",0.0451,3
2.02E+07,3.50E+10,Dona Ana,Northwest Las Cruces,0.22,4,276,"6,198",0.0445,3
2.02E+07,3.50E+10,Lea,N/A,0.08,2,75,"1,688",0.0444,3
2.02E+07,3.50E+10,Dona Ana,Central Las Cruces,0.31,5,138,"3,126",0.0441,3
2.02E+07,3.50E+10,Bernalillo,N/A,0.18,3,249,"5,653",0.044,3
2.02E+07,3.50E+10,San Juan,N/A,0.29,4,210,"4,796",0.0438,3
2.02E+07,3.50E+10,Dona Ana,Anthony Berino Chaparral,0.37,5,316,"7,256",0.0436,3
2.02E+07,3.50E+10,Bernalillo,Arenal Unser,0.24,4,328,"7,566",0.0434,3
2.02E+07,3.50E+10,Chaves,N/A,0.34,5,263,"6,136",0.0429,3
2.02E+07,3.50E+10,Cibola,N/A,0.22,4,128,"2,991",0.0428,3
2.02E+07,3.50E+10,Dona Ana,Central Las Cruces,0.28,4,251,"5,871",0.0428,3
2.02E+07,3.50E+10,Lea,Hobbs No.,0.22,4,294,"6,865",0.0428,3
2.02E+07,3.50E+10,Bernalillo,So. Ninetyeight,0.24,4,317,"7,442",0.0426,3
2.02E+07,3.50E+10,Chaves,Roswell S.E.,0.24,4,201,"4,721",0.0426,3
2.02E+07,3.50E+10,Chaves,Roswell N.W.,0.22,4,160,"3,791",0.0422,3
2.02E+07,3.50E+10,Eddy,N/A,0.24,4,297,"7,039",0.0422,3
2.02E+07,3.50E+10,Cibola,N/A,0.27,4,171,"4,086",0.0419,3
2.02E+07,3.50E+10,Dona Ana,South Valley,0.17,3,125,"2,993",0.0418,3
2.02E+07,3.50E+10,Eddy,Carlsbad,0.27,4,78,"1,866",0.0418,3
2.02E+07,3.50E+10,Lea,N/A,0.1,3,165,"3,969",0.0416,3
2.02E+07,3.50E+10,Mckinley,N/A,0.15,3,236,"5,684",0.0415,3
2.02E+07,3.50E+10,Santa Fe,Agua Fria Village,0.09,2,224,"5,401",0.0415,3
2.02E+07,3.50E+10,Luna,N/A,0.35,5,177,"4,273",0.0414,3
2.02E+07,3.50E+10,Bernalillo,So. Ninetyeight,0.2,4,307,"7,425",0.0413,3
2.02E+07,3.50E+10,Bernalillo,Chavez OneEighteenth,0.12,3,294,"7,112",0.0413,3
2.02E+07,3.50E+10,Eddy,Carlsbad,0.23,4,146,"3,539",0.0413,3
2.02E+07,3.50E+10,Sandoval,N/A,0.19,3,123,"2,977",0.0413,3
2.02E+07,3.50E+10,Dona Ana,South Valley,0.21,4,72,"1,747",0.0412,3
2.02E+07,3.51E+10,Valencia,West and Belen,0.15,3,279,"6,768",0.0412,3
2.02E+07,3.50E+10,Chaves,N/A,0.26,4,66,"1,604",0.0411,3
2.02E+07,3.50E+10,Dona Ana,Hatch and Surrounding Area,0.06,2,253,"6,163",0.0411,3
2.02E+07,3.50E+10,Bernalillo,Arenal Unser,0.25,4,305,"7,475",0.0408,3
2.02E+07,3.50E+10,Bernalillo,Gibson University,0.3,5,301,"7,414",0.0406,3
2.02E+07,3.50E+10,Bernalillo,So. Ninetyeight,0.27,4,284,"6,995",0.0406,3
2.02E+07,3.50E+10,Dona Ana,Mesilla Picacho Mesilla Park,0.39,5,206,"5,084",0.0405,3
2.02E+07,3.50E+10,Dona Ana,Dona Ana Fort Selden,0.17,3,420,"10,372",0.0405,3
2.02E+07,3.50E+10,Bernalillo,Rio Bravo Second,0.27,4,204,"5,085",0.0401,3
2.02E+07,3.50E+10,Eddy,Carlsbad,0.09,2,191,"4,772",0.04,3
2.02E+07,3.50E+10,Dona Ana,Dona Ana Fort Selden,0.16,3,264,"6,610",0.0399,3
2.02E+07,3.50E+10,Bernalillo,Lomas San Mateo,0.32,5,104,"2,613",0.0398,3
2.02E+07,3.50E+10,Bernalillo,N/A,0.18,3,147,"3,694",0.0398,3
2.02E+07,3.50E+10,Mckinley,N/A,0.3,4,129,"3,245",0.0398,3
2.02E+07,3.50E+10,Dona Ana,Central Las Cruces,0.4,5,114,"2,880",0.0396,3
2.02E+07,3.50E+10,Dona Ana,Dona Ana Fort Selden,0.24,4,287,"7,347",0.0391,3
2.02E+07,3.50E+10,Bernalillo,Central Tabo,0.32,5,242,"6,326",0.0383,3
2.02E+07,3.50E+10,Eddy,N/A,0.16,3,92,"2,400",0.0383,3
2.02E+07,3.50E+10,Santa Fe,Airport Road,0.17,3,116,"3,038",0.0382,3
2.02E+07,3.50E+10,Bernalillo,Central Penn,0.47,6,203,"5,380",0.0377,3
2.02E+07,3.50E+10,Dona Ana,Sonoma Butterfield Moongate,0.3,5,304,"8,124",0.0374,3
2.02E+07,3.50E+10,Bernalillo,Arenal Tapia,0.34,5,191,"5,190",0.0368,3
2.02E+07,3.50E+10,Bernalillo,Candelaria Second,0.2,4,148,"4,038",0.0367,3
2.02E+07,3.50E+10,Chaves,Roswell N.W.,0.13,3,153,"4,186",0.0366,3
2.02E+07,3.50E+10,Bernalillo,Comanche Carlysle,0.47,6,136,"3,745",0.0363,3
2.02E+07,3.50E+10,Lincoln,N/A,0.12,3,218,"6,049",0.036,3
2.02E+07,3.50E+10,Lea,Hobbs No.,0.05,1,142,"3,956",0.0359,3
2.02E+07,3.50E+10,Bernalillo,Central Penn,0.52,6,279,"7,787",0.0358,3
2.02E+07,3.51E+10,Valencia,SE,0.36,5,265,"7,474",0.0355,3
2.02E+07,3.50E+10,Eddy,Carlsbad,0.08,2,216,"6,119",0.0353,3
2.02E+07,3.50E+10,Bernalillo,Central Coors,0.37,5,298,"8,479",0.0351,3
2.02E+07,3.50E+10,Bernalillo,So. Ninetyeight,0.18,3,264,"7,574",0.0349,4
2.02E+07,3.50E+10,Dona Ana,University District,0.3,4,123,"3,551",0.0346,4
2.02E+07,3.50E+10,Dona Ana,Sonoma Butterfield Moongate,0.18,3,519,"15,505",0.0335,4
2.02E+07,3.50E+10,Lea,N/A,0.25,4,130,"3,875",0.0335,4
2.02E+07,3.50E+10,Lea,N/A,0.08,2,86,"2,591",0.0332,4
2.02E+07,3.50E+10,Eddy,Carlsbad,0.1,2,125,"3,771",0.0331,4
2.02E+07,3.50E+10,Roosevelt County/Curry County,N/A,0.06,2,147,"4,477",0.0328,4
2.02E+07,3.50E+10,Bernalillo,Central Coors,0.25,4,297,"9,085",0.0327,4
2.02E+07,3.50E+10,Santa Fe,Airport Road,0.25,4,31,961,0.0323,4
2.02E+07,3.50E+10,Dona Ana,University District,0.35,5,205,"6,390",0.0321,4
2.02E+07,3.50E+10,Lincoln,N/A,0.18,3,212,"6,603",0.0321,4
2.02E+07,3.50E+10,Bernalillo,Southwest,0.27,4,81,"2,531",0.032,4
2.02E+07,3.50E+10,Curry,Clovis East,0.06,2,208,"6,499",0.032,4
2.02E+07,3.50E+10,Bernalillo,Rio Bravo Second,0.35,5,151,"4,742",0.0318,4
2.02E+07,3.50E+10,Chaves,N/A,0.17,3,123,"3,864",0.0318,4
2.02E+07,3.50E+10,Bernalillo,Central Coors,0.15,3,167,"5,341",0.0313,4
2.02E+07,3.50E+10,Bernalillo,Arenal Tapia,0.31,5,101,"3,236",0.0312,4
2.02E+07,3.50E+10,Chaves,N/A,0.16,3,87,"2,787",0.0312,4
2.02E+07,3.51E+10,Valencia,NE,0.26,4,26,834,0.0312,4
2.02E+07,3.50E+10,Bernalillo,Alameda Coors,0.07,2,207,"6,663",0.0311,4
2.02E+07,3.50E+10,Bernalillo,Central Tabo,0.25,4,193,"6,247",0.0309,4
2.02E+07,3.51E+10,Santa Fe,Pueblos Plus,0.13,3,106,"3,435",0.0309,4
2.02E+07,3.50E+10,Bernalillo,Chavez OneEighteenth,0.26,4,165,"5,409",0.0305,4
2.02E+07,3.50E+10,Bernalillo,Arenal Tapia,0.16,3,124,"4,109",0.0302,4
2.02E+07,3.50E+10,Dona Ana,South Valley,0.24,4,94,"3,117",0.0302,4
2.02E+07,3.50E+10,Bernalillo,Arenal Tapia,0.29,4,109,"3,619",0.0301,4
2.02E+07,3.50E+10,Santa Fe,Airport Road,0.13,3,225,"7,510",0.03,4
2.02E+07,3.50E+10,San Juan,N/A,0.06,2,145,"4,892",0.0296,4
2.02E+07,3.50E+10,Eddy,N/A,0.08,2,163,"5,573",0.0292,4
2.02E+07,3.50E+10,Bernalillo,Isleta Gun Club,0.21,4,165,"5,679",0.0291,4
2.02E+07,3.51E+10,Valencia,Los Lunas,0.11,3,88,"3,030",0.029,4
2.02E+07,3.50E+10,Dona Ana,Las Alturas Talavera,0.28,4,130,"4,516",0.0288,4
2.02E+07,3.50E+10,Bernalillo,No. Ninetyeight,0.06,2,151,"5,270",0.0287,4
2.02E+07,3.50E+10,Roosevelt/Curry,N/A,0.15,3,121,"4,217",0.0287,4
2.02E+07,3.50E+10,Roosevelt/Curry,N/A,0.2,3,93,"3,246",0.0287,4
2.02E+07,3.50E+10,Dona Ana,Sonoma Butterfield Moongate,0.25,4,151,"5,287",0.0286,4
2.02E+07,3.50E+10,Dona Ana,Northwest Las Cruces,0.16,3,141,"4,969",0.0284,4
2.02E+07,3.50E+10,Dona Ana,Las Alturas Talavera,0.13,3,128,"4,510",0.0284,4
2.02E+07,3.50E+10,Bernalillo,Lomas Broadway,0.39,5,52,"1,864",0.0279,4
2.02E+07,3.50E+10,Bernalillo,Arenal Tapia,0.33,5,101,"3,628",0.0278,4
2.02E+07,3.50E+10,Bernalillo,Lomas Broadway,0.23,4,101,"3,645",0.0277,4
2.02E+07,3.50E+10,Dona Ana,University District,0.5,6,200,"7,212",0.0277,4
2.02E+07,3.50E+10,Roosevelt/Curry,N/A,0.18,3,99,"3,615",0.0274,4
2.02E+07,3.51E+10,Valencia,NE,0.38,5,130,"4,755",0.0273,4
2.02E+07,3.50E+10,San Juan,Farmington Southeast,0.34,5,182,"6,723",0.0271,4
2.02E+07,3.50E+10,Dona Ana,Northwest Las Cruces,0.38,5,134,"5,050",0.0265,4
2.02E+07,3.50E+10,Eddy,N/A,0.21,4,187,"7,064",0.0265,4
2.02E+07,3.50E+10,Bernalillo,Lomas Broadway,0.38,5,60,"2,348",0.0256,4
2.02E+07,3.50E+10,Bernalillo,Central Tabo,0.08,2,122,"4,784",0.0255,4
2.02E+07,3.50E+10,Bernalillo,Paseo Ventura,0.17,3,129,"5,084",0.0254,4
2.02E+07,3.50E+10,Dona Ana,Central Las Cruces,0.2,4,96,"3,802",0.0252,4
2.02E+07,3.50E+10,Bernalillo,Indian School Pennsylvania,0.16,3,90,"3,647",0.0247,4
2.02E+07,3.50E+10,Dona Ana,Central Las Cruces,0.28,4,73,"2,973",0.0246,4
2.02E+07,3.51E+10,Sierra/Catron,N/A,0.23,4,61,"2,482",0.0246,4
2.02E+07,3.50E+10,Santa Fe,Bellamah/Stamm,0.07,2,130,"5,303",0.0245,4
2.02E+07,3.50E+10,Lea,N/A,0.14,3,119,"4,893",0.0243,4
2.02E+07,3.50E+10,Bernalillo,Lomas Broadway,0.36,5,58,"2,419",0.024,4
2.02E+07,3.50E+10,Bernalillo,No. Ninetyeight,0.3,5,106,"4,410",0.024,4
2.02E+07,3.50E+10,Dona Ana,Northwest Las Cruces,0.22,4,98,"4,082",0.024,4
2.02E+07,3.50E+10,Sandoval,N/A,0.2,3,52,"2,167",0.024,4
2.02E+07,3.51E+10,Valencia,West and Belen,0.2,4,110,"4,602",0.0239,4
2.02E+07,3.50E+10,Santa Fe,Bellamah/Stamm,0.1,3,40,"1,690",0.0237,4
2.02E+07,3.50E+10,Dona Ana,Mesilla Picacho Mesilla Park,0.18,3,99,"4,189",0.0236,4
2.02E+07,3.50E+10,Sandoval,Rio Rancho West,0.12,3,132,"5,639",0.0234,4
2.02E+07,3.51E+10,Taos,Downtown and High Road,0.22,4,144,"6,144",0.0234,4
2.02E+07,3.50E+10,San Juan,Farmington West/Kirtland/La Plata,0.2,3,122,"5,260",0.0232,4
2.02E+07,3.50E+10,Bernalillo,Lomas Broadway,0.35,5,74,"3,223",0.023,4
2.02E+07,3.50E+10,Bernalillo,Isleta Gun Club,0.18,3,102,"4,457",0.0229,4
2.02E+07,3.50E+10,San Juan,Farmington Southeast,0.31,5,117,"5,106",0.0229,4
2.02E+07,3.50E+10,San Juan,South,0.36,5,130,"5,685",0.0229,4
2.02E+07,3.50E+10,Bernalillo,Central Penn,0.27,4,100,"4,380",0.0228,4
2.02E+07,3.50E+10,Bernalillo,Central Penn,0.44,6,140,"6,165",0.0227,4
2.02E+07,3.50E+10,Bernalillo,Irving Unser,0.06,2,62,"2,734",0.0227,4
2.02E+07,3.50E+10,Cibola,N/A,0.21,4,67,"2,949",0.0227,4
2.02E+07,3.51E+10,Valencia,West and Belen,0.23,4,46,"2,026",0.0227,4
2.02E+07,3.50E+10,Cibola,N/A,0.22,4,74,"3,269",0.0226,4
2.02E+07,3.50E+10,Bernalillo,Comanche Carlysle,0.24,4,63,"2,796",0.0225,4
2.02E+07,3.50E+10,Bernalillo,Lomas Broadway,0.23,4,61,"2,708",0.0225,4
2.02E+07,3.50E+10,Eddy,N/A,0.12,3,119,"5,288",0.0225,4
2.02E+07,3.50E+10,Sandoval,"Rio Rancho Blvd, So.",0.14,3,141,"6,268",0.0225,4
2.02E+07,3.50E+10,Bernalillo,Indian School Pennsylvania,0.17,3,86,"3,857",0.0223,4
2.02E+07,3.50E+10,Santa Fe,Agua Fria Neighborhood + Downtown,0.23,4,81,"3,637",0.0223,4
2.02E+07,3.50E+10,Bernalillo,Paseo Ventura,0.04,1,80,"3,606",0.0222,4
2.02E+07,3.50E+10,Military Bases,N/A,0.07,2,56,"2,520",0.0222,4
2.02E+07,3.51E+10,Santa Fe,Pueblos Plus,0.33,5,72,"3,237",0.0222,4
2.02E+07,3.51E+10,Taos,Downtown and High Road,0.17,3,170,"7,707",0.0221,4
2.02E+07,3.50E+10,Sandoval,Bernalillo/Placitas,0.24,4,105,"4,766",0.022,4
2.02E+07,3.50E+10,Bernalillo,No. Ninetyeight,0.06,2,70,"3,200",0.0219,4
2.02E+07,3.50E+10,Santa Fe,Opera Vicinity,0.09,2,63,"2,886",0.0218,4
2.02E+07,3.50E+10,Bernalillo,Central Tabo,0.36,5,133,"6,162",0.0216,4
2.02E+07,3.50E+10,Lea,N/A,0.19,3,76,"3,525",0.0216,4
2.02E+07,3.50E+10,Bernalillo,Academy Tramway,0.15,3,111,"5,162",0.0215,4
2.02E+07,3.50E+10,Santa Fe,East Foothills + Eldorado,0.07,2,104,"4,839",0.0215,4
2.02E+07,3.50E+10,Bernalillo,Alameda Edith,0.11,3,132,"6,206",0.0213,4
2.02E+07,3.50E+10,McKinley,Other,0.41,6,45,"2,158",0.0209,4
2.02E+07,3.51E+10,Valencia,Los Lunas,0.17,3,101,"4,842",0.0209,4
2.02E+07,3.50E+10,Bernalillo,Montgomery Louisiana,0.27,4,41,"1,988",0.0206,4
2.02E+07,3.50E+10,San Juan,Farmington Southeast,0.19,3,69,"3,350",0.0206,4
2.02E+07,3.50E+10,Bernalillo,Candelaria Second,0.2,4,111,"5,478",0.0203,4
2.02E+07,3.50E+10,San Juan,Farmington North,0.12,3,45,"2,232",0.0202,4
2.02E+07,3.50E+10,Sandoval,"Rio Rancho Blvd, No.",0.1,2,201,"9,986",0.0201,4
2.02E+07,3.51E+10,Valencia,SE,0.17,3,56,"2,787",0.0201,4
2.02E+07,3.50E+10,Sandoval,"Rio Rancho Blvd, No.",0.08,2,109,"5,442",0.02,4
2.02E+07,3.50E+10,Bernalillo,Central Tabo,0.16,3,86,"4,329",0.0199,4
2.02E+07,3.50E+10,Bernalillo,Indian School Pennsylvania,0.16,3,113,"5,721",0.0198,4
2.02E+07,3.50E+10,Santa Fe,Agua Fria Neighborhood + Downtown,0.14,3,38,"1,924",0.0198,4
2.02E+07,3.50E+10,Bernalillo,Comanche Carlysle,0.22,4,65,"3,302",0.0197,4
2.02E+07,3.50E+10,Bernalillo,Indian School Pennsylvania,0.14,3,67,"3,407",0.0197,4
2.02E+07,3.50E+10,Dona Ana,Mesilla Picacho Mesilla Park,0.13,3,57,"2,890",0.0197,4
2.02E+07,3.51E+10,Valencia,Los Lunas,0.1,2,99,"5,088",0.0195,4
2.02E+07,3.50E+10,Bernalillo,Central Tabo,0.17,3,73,"3,769",0.0194,4
2.02E+07,3.50E+10,Bernalillo,Candelaria Second,0.19,3,57,"2,941",0.0194,4
2.02E+07,3.50E+10,Bernalillo,No. Ninetyeight,0.07,2,131,"6,736",0.0194,4
2.02E+07,3.50E+10,Bernalillo,No. Ninetyeight,0.13,3,124,"6,425",0.0193,4
2.02E+07,3.50E+10,Santa Fe,Bellamah/Stamm,0.19,3,38,"1,967",0.0193,4
2.02E+07,3.50E+10,Sandoval,Other West,0.68,6,56,"2,921",0.0192,4
2.02E+07,3.50E+10,San Juan,Northeast/Bloomfield,0.25,4,87,"4,530",0.0192,4
2.02E+07,3.50E+10,Bernalillo,Alameda Coors,0.14,3,144,"7,592",0.019,4
2.02E+07,3.50E+10,Sandoval,Bernalillo/Placitas,0.15,3,71,"3,785",0.0188,4
2.02E+07,3.50E+10,Santa Fe,South,0.26,4,46,"2,447",0.0188,4
2.02E+07,3.50E+10,Bernalillo,Montano Coors,0.09,2,36,"1,930",0.0187,4
2.02E+07,3.50E+10,Mckinley,NW,0.37,5,71,"3,799",0.0187,4
2.02E+07,3.50E+10,Quay/DeBaca/Harding,N/A,0.27,4,54,"2,903",0.0186,4
2.02E+07,3.50E+10,Sandoval,Rio Rancho So.,0.05,1,160,"8,616",0.0186,4
2.02E+07,3.51E+10,Socorro,N/A,0.31,5,66,"3,553",0.0186,4
2.02E+07,3.50E+10,Bernalillo,Montano Coors,0.18,3,68,"3,684",0.0185,4
2.02E+07,3.50E+10,San Juan,Northeast/Bloomfield,0.12,3,79,"4,261",0.0185,4
2.02E+07,3.51E+10,Torrance,N/A,0.29,4,122,"6,587",0.0185,4
2.02E+07,3.50E+10,Bernalillo,Montgomery Louisiana,0.08,2,55,"2,994",0.0184,4
2.02E+07,3.50E+10,Bernalillo,Indian School Juan Tabo,0.12,3,52,"2,839",0.0183,4
2.02E+07,3.50E+10,Dona Ana,Las Alturas Talavera,0.08,2,71,"3,870",0.0183,4
2.02E+07,3.50E+10,Lincoln,N/A,0.17,3,44,"2,408",0.0183,4
2.02E+07,3.50E+10,Bernalillo,Irving Unser,0.15,3,65,"3,575",0.0182,4
2.02E+07,3.50E+10,Bernalillo,Montgomery Louisiana,0.13,3,92,"5,087",0.0181,4
2.02E+07,3.50E+10,Santa Fe,Opera Vicinity,0.03,1,70,"3,864",0.0181,4
2.02E+07,3.50E+10,Bernalillo,Academy Tramway,0.13,3,82,"4,549",0.018,4
2.02E+07,3.50E+10,Bernalillo,Indian School Pennsylvania,0.14,3,23,"1,278",0.018,4
2.02E+07,3.50E+10,Mora/Guadalupe/San Miguel East,N/A,0.15,3,79,"4,381",0.018,4
2.02E+07,3.51E+10,Valencia,SE,0.19,3,82,"4,597",0.0178,4
2.02E+07,3.51E+10,Valencia,SE,0.3,4,28,"1,575",0.0178,4
2.02E+07,3.50E+10,Bernalillo,Alameda Edith,0.06,2,115,"6,494",0.0177,4
2.02E+07,3.50E+10,San Juan,Northeast/Bloomfield,0.27,4,67,"3,790",0.0177,4
2.02E+07,3.50E+10,Bernalillo,Montgomery Louisiana,0.22,4,126,"7,176",0.0176,4
2.02E+07,3.50E+10,Bernalillo,Paseo Louisiana,0.12,3,114,"6,485",0.0176,4
2.02E+07,3.51E+10,Santa Fe,Pueblos Plus,0.17,3,26,"1,475",0.0176,4
2.02E+07,3.50E+10,Bernalillo,Comanche Juan Tabo,0.23,4,63,"3,601",0.0175,4
2.02E+07,3.51E+10,Torrance,N/A,0.23,4,53,"3,047",0.0174,4
2.02E+07,3.50E+10,Bernalillo,Montano Coors,0.05,1,90,"5,201",0.0173,4
2.02E+07,3.50E+10,Bernalillo,Montgomery Moon,0.26,4,47,"2,737",0.0172,4
2.02E+07,3.50E+10,Bernalillo,Paseo Ventura,0.04,1,73,"4,244",0.0172,4
2.02E+07,3.50E+10,San Juan,Farmington West/Kirtland/La Plata,0.23,4,38,"2,204",0.0172,4
2.02E+07,3.50E+10,Bernalillo,Alameda Edith,0.13,3,97,"5,669",0.0171,4
2.02E+07,3.50E+10,Lea,N/A,0.16,3,41,"2,403",0.0171,4
2.02E+07,3.50E+10,Quay/DeBaca/Harding,N/A,0.11,3,47,"2,749",0.0171,4
2.02E+07,3.51E+10,Sierra/Catron,N/A,0.28,4,54,"3,167",0.0171,4
2.02E+07,3.50E+10,Bernalillo,Paseo Louisiana,0.11,3,97,"5,704",0.017,4
2.02E+07,3.50E+10,Santa Fe,Agua Fria Village,0.12,3,56,"3,289",0.017,4
2.02E+07,3.50E+10,Quay/DeBaca/Harding,N/A,0.27,4,46,"2,716",0.0169,4
2.02E+07,3.50E+10,Santa Fe,Agua Fria Neighborhood + Downtown,0.13,3,62,"3,673",0.0169,4
2.02E+07,3.50E+10,Santa Fe,Bellamah/Stamm,0.07,2,27,"1,617",0.0167,4
2.02E+07,3.51E+10,Valencia,SE,0.13,3,108,"6,452",0.0167,4
2.02E+07,3.51E+10,Valencia,Los Lunas,0.12,3,55,"3,286",0.0167,4
2.02E+07,3.50E+10,San Juan,Farmington North,0.15,3,85,"5,128",0.0166,4
2.02E+07,3.51E+10,Valencia,West and Belen,0.23,4,83,"4,991",0.0166,4
2.02E+07,3.50E+10,Bernalillo,Irving Unser,0.1,2,64,"3,868",0.0165,4
2.02E+07,3.50E+10,Bernalillo,Lomas Broadway,0.24,4,17,"1,039",0.0164,4
2.02E+07,3.50E+10,Bernalillo,Lomas San Mateo,0.26,4,76,"4,734",0.0161,4
2.02E+07,3.50E+10,Rio Arriba,Espanola and Pueblos,0.28,4,99,"6,162",0.0161,4
2.02E+07,3.51E+10,Colfax/Union,N/A,0.14,3,67,"4,163",0.0161,4
2.02E+07,3.50E+10,Bernalillo,Comanche Juan Tabo,0.07,2,43,"2,694",0.016,4
2.02E+07,3.51E+10,Sierra,N/A,0.35,5,51,"3,180",0.016,4
2.02E+07,3.50E+10,Bernalillo,Gibson University,0.27,4,51,"3,210",0.0159,4
2.02E+07,3.50E+10,Bernalillo,Comanche Carlysle,0.11,3,52,"3,314",0.0157,4
2.02E+07,3.50E+10,Rio Arriba,Espanola and Pueblos,0.37,5,57,"3,627",0.0157,4
2.02E+07,3.50E+10,Bernalillo,Paseo Ventura,0.03,1,115,"7,389",0.0156,4
2.02E+07,3.50E+10,San Juan,North/Aztec,0.16,3,95,"6,107",0.0156,4
2.02E+07,3.50E+10,Bernalillo,Indian School Pennsylvania,0.11,3,79,"5,104",0.0155,4
2.02E+07,3.50E+10,Bernalillo,Del Norte,0.03,1,115,"7,416",0.0155,4
2.02E+07,3.50E+10,Otero,Alamogordo N.E.,0.23,4,38,"2,471",0.0154,4
2.02E+07,3.50E+10,Sandoval,N/A,0.26,4,31,"2,039",0.0152,4
2.02E+07,3.50E+10,Bernalillo,East Gateway,0.07,2,91,"6,041",0.0151,4
2.02E+07,3.50E+10,Grant,Silver City,0.17,3,82,"5,481",0.015,4
2.02E+07,3.50E+10,Bernalillo,Comanche Juan Tabo,0.2,3,48,"3,239",0.0148,4
2.02E+07,3.50E+10,Bernalillo,Lomas Broadway,0.18,3,49,"3,304",0.0148,4
2.02E+07,3.50E+10,Bernalillo,Montgomery Moon,0.11,3,80,"5,415",0.0148,4
2.02E+07,3.50E+10,Bernalillo,Irving Unser,0.07,2,54,"3,654",0.0148,4
2.02E+07,3.50E+10,Bernalillo,Montano Coors,0.16,3,37,"2,526",0.0146,4
2.02E+07,3.50E+10,Sandoval,Rio Rancho West,0.15,3,162,"11,130",0.0146,4
2.02E+07,3.50E+10,Bernalillo,Indian School Juan Tabo,0.16,3,68,"4,744",0.0143,4
2.02E+07,3.50E+10,Santa Fe,East Foothills + Eldorado,0.12,3,35,"2,447",0.0143,4
2.02E+07,3.50E+10,Bernalillo,Montgomery Louisiana,0.12,3,41,"2,887",0.0142,4
2.02E+07,3.50E+10,Bernalillo,Montgomery Moon,0.1,2,35,"2,472",0.0142,4
2.02E+07,3.50E+10,Bernalillo,Alameda Coors,0.17,3,111,"7,831",0.0142,4
2.02E+07,3.50E+10,Bernalillo,Del Norte,0.04,1,46,"3,245",0.0142,4
2.02E+07,3.50E+10,Bernalillo,Indian School Pennsylvania,0.13,3,57,"4,046",0.0141,4
2.02E+07,3.50E+10,Sandoval,"Rio Rancho Blvd, No.",0.1,3,99,"7,027",0.0141,4
2.02E+07,3.50E+10,Bernalillo,Comanche Juan Tabo,0.08,2,36,"2,568",0.014,4
2.02E+07,3.50E+10,San Juan,Farmington North,0.08,2,60,"4,272",0.014,4
2.02E+07,3.50E+10,Bernalillo,Irving Unser,0.09,2,133,"9,539",0.0139,4
2.02E+07,3.51E+10,Valencia,NE,0.17,3,91,"6,537",0.0139,4
2.02E+07,3.50E+10,Bernalillo,Indian School Juan Tabo,0.23,4,46,"3,334",0.0138,4
2.02E+07,3.50E+10,Bernalillo,Irving Unser,0.04,1,71,"5,147",0.0138,4
2.02E+07,3.50E+10,Rio Arriba,Espanola and Pueblos,0.31,5,46,"3,343",0.0138,4
2.02E+07,3.51E+10,Valencia,NE,0.1,3,52,"3,789",0.0137,4
2.02E+07,3.50E+10,Lincoln,N/A,0.18,3,38,"2,801",0.0136,4
2.02E+07,3.51E+10,Taos,Downtown and High Road,0.25,4,26,"1,913",0.0136,4
2.02E+07,3.50E+10,Otero,Alamogordo N.E.,0.09,2,45,"3,329",0.0135,4
2.02E+07,3.50E+10,Bernalillo,Indian School Juan Tabo,0.26,4,44,"3,278",0.0134,4
2.02E+07,3.50E+10,Mckinley,SW,0.36,5,65,"4,849",0.0134,4
2.02E+07,3.50E+10,Santa Fe,South,0.1,2,18,"1,345",0.0134,4
2.02E+07,3.50E+10,Bernalillo,Montgomery Moon,0.16,3,31,"2,334",0.0133,4
2.02E+07,3.50E+10,Quay/DeBaca/Harding,N/A,0.17,3,24,"1,805",0.0133,4
2.02E+07,3.50E+10,Bernalillo,Gibson University,0.31,5,34,"2,571",0.0132,4
2.02E+07,3.50E+10,Bernalillo,Academy Tramway,0.05,1,24,"1,819",0.0132,4
2.02E+07,3.50E+10,Sandoval,Rio Rancho So.,0.14,3,75,"5,670",0.0132,4
2.02E+07,3.50E+10,Bernalillo,Del Norte,0.16,3,68,"5,183",0.0131,4
2.02E+07,3.50E+10,Hidalgo County/Grant County,N/A,0.21,4,25,"1,909",0.0131,4
2.02E+07,3.50E+10,San Miguel,Las Vegas,0.35,5,56,"4,281",0.0131,4
2.02E+07,3.50E+10,Sandoval,Rio Rancho West,0.14,3,63,"4,845",0.013,4
2.02E+07,3.50E+10,Bernalillo,Candelaria Second,0.19,3,64,"4,951",0.0129,4
2.02E+07,3.50E+10,Sandoval,Rio Rancho So.,0.1,2,83,"6,449",0.0129,4
2.02E+07,3.50E+10,Bernalillo,Lomas San Mateo,0.13,3,56,"4,430",0.0126,4
2.02E+07,3.50E+10,San Juan,North/Aztec,0.11,3,51,"4,074",0.0125,4
2.02E+07,3.50E+10,Bernalillo,Lomas Girard,0.12,3,13,"1,052",0.0124,4
2.02E+07,3.50E+10,Sandoval,Rio Rancho West,0.18,3,74,"5,968",0.0124,4
2.02E+07,3.50E+10,Hidalgo/Grant,N/A,0.23,4,35,"2,845",0.0123,4
2.02E+07,3.50E+10,San Juan,South,0.09,2,24,"1,973",0.0122,4
2.02E+07,3.50E+10,San Miguel,N/A,0.33,5,28,"2,290",0.0122,4
2.02E+07,3.50E+10,Bernalillo,Lomas Girard,0.46,6,35,"2,897",0.0121,4
2.02E+07,3.50E+10,Sandoval,"Rio Rancho Blvd, No.",0.06,2,111,"9,312",0.0119,4
2.02E+07,3.50E+10,Sandoval,"Rio Rancho Blvd, So.",0.13,3,46,"3,867",0.0119,4
2.02E+07,3.50E+10,Bernalillo,Paseo Louisiana,0.11,3,55,"4,719",0.0117,4
2.02E+07,3.50E+10,Bernalillo,East Gateway,0.17,3,52,"4,491",0.0116,4
2.02E+07,3.50E+10,Bernalillo,East Gateway,0.1,3,24,"2,095",0.0115,4
2.02E+07,3.50E+10,Bernalillo,Lomas Girard,0.18,3,69,"6,006",0.0115,4
2.02E+07,3.50E+10,Quay/DeBaca/Harding,N/A,0.18,3,8,698,0.0115,4
2.02E+07,3.50E+10,Sandoval,"Rio Rancho Blvd, So.",0.16,3,59,"5,133",0.0115,4
2.02E+07,3.50E+10,Bernalillo,Del Norte,0.08,2,43,"3,776",0.0114,4
2.02E+07,3.50E+10,McKinley,N/A,0.13,3,12,"1,049",0.0114,4
2.02E+07,3.50E+10,Bernalillo,Comanche Juan Tabo,0.05,1,32,"2,823",0.0113,4
2.02E+07,3.50E+10,Bernalillo,Montano Rio Grande,0.12,3,33,"2,913",0.0113,4
2.02E+07,3.50E+10,Bernalillo,Montano Rio Grande,0.09,2,59,"5,244",0.0113,4
2.02E+07,3.50E+10,Mckinley,SW,0.54,6,16,"1,414",0.0113,4
2.02E+07,3.50E+10,Otero,Alamogordo S.W.,0.44,6,19,"1,682",0.0113,4
2.02E+07,3.50E+10,Bernalillo,Lomas San Mateo,0.13,3,58,"5,186",0.0112,4
2.02E+07,3.50E+10,Otero,N/A,0.11,3,69,"6,182",0.0112,4
2.02E+07,3.50E+10,Bernalillo,Indian School Juan Tabo,0.13,3,32,"2,900",0.011,4
2.02E+07,3.50E+10,Bernalillo,Lomas San Mateo,0.12,3,38,"3,450",0.011,4
2.02E+07,3.50E+10,Bernalillo,Paseo Ventura,0.02,1,54,"4,925",0.011,4
2.02E+07,3.50E+10,San Juan,North/Aztec,0.16,3,14,"1,274",0.011,4
2.02E+07,3.50E+10,Santa Fe,Pueblos Plus,0.21,4,55,"5,014",0.011,4
2.02E+07,3.51E+10,Valencia,West and Belen,0.17,3,29,"2,633",0.011,4
2.02E+07,3.50E+10,Bernalillo,Indian School Juan Tabo,0.05,2,32,"2,938",0.0109,4
2.02E+07,3.50E+10,Santa Fe,Agua Fria Neighborhood + Downtown,0.07,2,23,"2,110",0.0109,4
2.02E+07,3.50E+10,Santa Fe,Airport Road,0.06,2,19,"1,746",0.0109,4
2.02E+07,3.50E+10,Bernalillo,Montano Rio Grande,0.18,3,45,"4,161",0.0108,4
2.02E+07,3.50E+10,Hidalgo/Grant,N/A,0.11,3,18,"1,677",0.0107,4
2.02E+07,3.50E+10,Sandoval,Rio Rancho So.,0.14,3,45,"4,216",0.0107,4
2.02E+07,3.50E+10,Santa Fe,Bellamah/Stamm,0.11,3,27,"2,528",0.0107,4
2.02E+07,3.50E+10,Santa Fe,East Foothills + Eldorado,0.09,2,31,"2,885",0.0107,4
2.02E+07,3.50E+10,Bernalillo,Paseo Louisiana,0.08,2,35,"3,330",0.0105,4
2.02E+07,3.50E+10,Bernalillo,Alameda Coors,0.16,3,22,"2,090",0.0105,4
2.02E+07,3.50E+10,Grant,Silver City,0.26,4,68,"6,454",0.0105,4
2.02E+07,3.50E+10,San Juan,Northeast/Bloomfield,0.34,5,33,"3,153",0.0105,4
2.02E+07,3.50E+10,Otero,Alamogordo N.E.,0.08,2,36,"3,466",0.0104,4
2.02E+07,3.51E+10,Socorro,N/A,0.32,5,36,"3,459",0.0104,4
2.02E+07,3.50E+10,Rio Arriba,Espanola and Pueblos,0.2,3,45,"4,360",0.0103,4
2.02E+07,3.51E+10,Torrance,N/A,0.23,4,41,"3,970",0.0103,4
2.02E+07,3.50E+10,Military Bases,N/A,0.04,1,42,"4,125",0.0102,4
2.02E+07,3.50E+10,Santa Fe,Agua Fria Neighborhood + Downtown,0.15,3,22,"2,163",0.0102,4
2.02E+07,3.50E+10,Bernalillo,East Gateway,0.04,1,43,"4,255",0.0101,4
2.02E+07,3.50E+10,Santa Fe,Bellamah/Stamm,0.08,2,27,"2,668",0.0101,4
2.02E+07,3.50E+10,Otero,Alamogordo N.E.,0.16,3,39,"3,895",0.01,4
2.02E+07,3.50E+10,San Miguel,Pecos/Villanueva,0.19,3,62,"6,219",0.01,4
2.02E+07,3.50E+10,Grant,Silver City,0.36,5,40,"4,046",0.0099,4
2.02E+07,3.50E+10,Otero,Alamogordo S.W.,0.23,4,51,"5,265",0.0097,4
2.02E+07,3.50E+10,San Juan,North/Aztec,0.22,4,42,"4,412",0.0095,4
2.02E+07,3.50E+10,Santa Fe,Pueblos Plus,0.04,1,21,"2,205",0.0095,4
2.02E+07,3.51E+10,Socorro,N/A,0.22,4,40,"4,194",0.0095,4
2.02E+07,3.50E+10,Dona Ana,University District,0.64,6,41,"4,369",0.0094,4
2.02E+07,3.50E+10,Santa Fe,Agua Fria Neighborhood + Downtown,0.16,3,14,"1,482",0.0094,4
2.02E+07,3.50E+10,Bernalillo,Montgomery Louisiana,0.08,2,17,"1,823",0.0093,4
2.02E+07,3.50E+10,Bernalillo,Academy Tramway,0.04,1,26,"2,809",0.0093,4
2.02E+07,3.50E+10,Bernalillo,East Mountain,0.1,3,42,"4,539",0.0093,4
2.02E+07,3.50E+10,Otero,Alamogordo N.E.,0.14,3,48,"5,135",0.0093,4
2.02E+07,3.51E+10,Taos,Northwest,0.12,3,59,"6,350",0.0093,4
2.02E+07,3.50E+10,Sandoval,Corrales,0.07,2,42,"4,625",0.0091,4
2.02E+07,3.50E+10,Mora/Guadalupe/San Miguel East,N/A,0.17,3,37,"4,145",0.0089,4
2.02E+07,3.50E+10,Santa Fe,East Foothills + Eldorado,0.06,2,16,"1,821",0.0088,4
2.02E+07,3.51E+10,Sierra/Catron,N/A,0.09,2,20,"2,290",0.0087,4
2.02E+07,3.51E+10,Socorro,N/A,0.28,4,24,"2,798",0.0086,4
2.02E+07,3.50E+10,Otero,Alamogordo S.W.,0.33,5,17,"2,004",0.0085,4
2.02E+07,3.50E+10,San Miguel,Las Vegas,0.33,5,37,"4,351",0.0085,4
2.02E+07,3.50E+10,Bernalillo,Lomas Girard,0.29,4,42,"5,011",0.0084,4
2.02E+07,3.50E+10,San Miguel,Las Vegas,0.41,6,26,"3,093",0.0084,4
2.02E+07,3.50E+10,Bernalillo,Academy Tramway,0.15,3,41,"4,920",0.0083,4
2.02E+07,3.50E+10,Colfax,N/A,0.3,5,26,"3,220",0.0081,4
2.02E+07,3.50E+10,Hidalgo/Grant,N/A,0.23,4,23,"2,874",0.008,4
2.02E+07,3.50E+10,Rio Arriba,North,0.26,4,28,"3,518",0.008,4
2.02E+07,3.50E+10,Bernalillo,Comanche Juan Tabo,0.2,4,25,"3,216",0.0078,4
2.02E+07,3.50E+10,Santa Fe,Agua Fria Neighborhood + Downtown,0.26,4,24,"3,085",0.0078,4
2.02E+07,3.50E+10,Santa Fe,South,0.15,3,37,"4,714",0.0078,4
2.02E+07,3.50E+10,Colfax/Union,N/A,0.23,4,39,"5,038",0.0077,4
2.02E+07,3.50E+10,Lincoln,N/A,0.23,4,13,"1,688",0.0077,4
2.02E+07,3.50E+10,Santa Fe,Opera Vicinity,0.1,2,28,"3,613",0.0077,4
2.02E+07,3.50E+10,Santa Fe,East Foothills + Eldorado,0.04,1,24,"3,126",0.0077,4
2.02E+07,3.50E+10,Bernalillo,Academy Tramway,0.02,1,48,"6,320",0.0076,4
2.02E+07,3.50E+10,Sandoval,Corrales,0.03,1,32,"4,274",0.0075,4
2.02E+07,3.50E+10,Rio Arriba,North,0.22,4,34,"4,615",0.0074,4
2.02E+07,3.50E+10,Otero,Alamogordo S.W,0.1,3,53,"7,325",0.0072,4
2.02E+07,3.50E+10,Bernalillo,Academy Tramway,0.04,1,17,"2,393",0.0071,4
2.02E+07,3.50E+10,Bernalillo,East Mountain,0.07,2,25,"3,533",0.0071,4
2.02E+07,3.50E+10,Santa Fe,Agua Fria Neighborhood + Downtown,0.09,2,16,"2,331",0.0069,4
2.02E+07,3.50E+10,Rio Arriba,Espanola and Pueblos,0.22,4,46,"6,771",0.0068,4
2.02E+07,3.50E+10,Santa Fe,Opera Vicinity,0.06,2,27,"3,956",0.0068,4
2.02E+07,3.50E+10,Santa Fe,East Foothills + Eldorado,0.07,2,37,"5,434",0.0068,4
2.02E+07,3.50E+10,Bernalillo,East Mountain,0.07,2,16,"2,433",0.0066,4
2.02E+07,3.50E+10,Sandoval,Bernalillo/Placitas,0.13,3,48,"7,350",0.0065,4
2.02E+07,3.50E+10,Santa Fe,South,0.04,1,28,"4,380",0.0064,4
2.02E+07,3.51E+10,Torrance,N/A,0.27,4,14,"2,207",0.0063,4
2.02E+07,3.50E+10,Colfax/Union,N/A,0.19,3,24,"3,889",0.0062,4
2.02E+07,3.51E+10,Taos,Downtown and High Road,0.17,3,48,"7,871",0.0061,4
2.02E+07,3.50E+10,Otero,N/A,0.15,3,19,"3,186",0.006,4
2.02E+07,3.50E+10,Bernalillo,East Mountain,0.04,1,19,"3,216",0.0059,4
2.02E+07,3.50E+10,Otero,N/A,0.17,3,16,"2,735",0.0059,4
2.02E+07,3.50E+10,San Juan,North/Aztec,0.04,1,20,"3,424",0.0058,4
2.02E+07,3.50E+10,San Juan,West,0.4,6,15,"2,625",0.0057,4
2.02E+07,3.50E+10,Bernalillo,East Gateway,0.04,1,15,"2,737",0.0055,4
2.02E+07,3.50E+10,San Miguel,Las Vegas,0.32,5,20,"3,651",0.0055,4
2.02E+07,3.51E+10,Santa Fe,Pueblos Plus,0.19,3,9,"1,671",0.0054,4
2.02E+07,3.50E+10,Bernalillo,Paseo Ventura,0.05,1,15,"2,852",0.0053,4
2.02E+07,3.50E+10,Military Bases,N/A,0.11,3,19,"3,678",0.0052,4
2.02E+07,3.50E+10,San Juan,South,0.11,3,6,"1,143",0.0052,4
2.02E+07,3.50E+10,Los Alamos,N/A,0.05,1,20,"3,994",0.005,4
2.02E+07,3.50E+10,Bernalillo,East Mountain,0.04,1,27,"5,512",0.0049,5
2.02E+07,3.51E+10,Santa Fe,Pueblos Plus,0.14,3,9,"1,843",0.0049,5
2.02E+07,3.50E+10,Hidalgo/Grant,N/A,0.15,3,11,"2,281",0.0048,5
2.02E+07,3.50E+10,Rio Arriba,Espanola and Pueblos,0.27,4,15,"3,216",0.0047,5
2.02E+07,3.50E+10,Los Alamos,N/A,0.11,3,16,"3,481",0.0046,5
2.02E+07,3.50E+10,Los Alamos,N/A,0.06,2,24,"5,323",0.0045,5
2.02E+07,3.50E+10,Los Alamos,N/A,0.02,1,26,"6,011",0.0043,5
2.02E+07,3.50E+10,Hidalgo/Grant,N/A,0.1,2,8,"1,969",0.0041,5
2.02E+07,3.50E+10,Mora/Guadalupe/San Miguel East,N/A,0.19,3,18,"4,505",0.004,5
2.02E+07,3.50E+10,San Juan,South,0.29,4,7,"1,816",0.0039,5
2.02E+07,3.50E+10,Sierra/Catron,N/A,0.23,4,13,"3,518",0.0037,5
2.02E+07,3.50E+10,San Juan,West,0.3,4,10,"2,717",0.0037,5
2.02E+07,3.50E+10,Otero,N/A,0.15,3,8,"2,223",0.0036,5
2.02E+07,3.50E+10,Santa Fe,South,0.1,2,6,"1,824",0.0033,5
2.02E+07,3.50E+10,Military Bases,N/A,0.02,1,5,"1,840",0.0027,5
2.02E+07,3.51E+10,Taos,Northwest,0.38,5,7,"2,922",0.0024,5
2.02E+07,3.50E+10,Santa Fe,Pueblos Plus,0.18,3,2,"1,317",0.0015,5
2.02E+07,3.50E+10,Santa Fe,East Foothills + Eldorado,0.07,2,4,"3,189",0.0013,5
2.02E+07,3.50E+10,Los Alamos County,N/A,N/A,N/A,N/A,N/A,,N/A
20200818,3.50E+10,Los Alamos County,,N/A,N/A,N/A,N/A,N/A,N/A
20200818,3.51E+10,Santa Fe County,State Pen,N/A,N/A,N/A,959,N/A,N/A
20200818,3.50E+10,San Juan,,0.26,4,652,6142,0.1062,1
20200818,3.50E+10,Otero,N/A,0.47,6,1051,10442,0.1007,1
20200818,3.50E+10,San Juan,,0.16,3,300,3636,0.0825,2
20200818,3.50E+10,Mckinley,SW,0.3,5,528,6470,0.0816,2
20200818,3.50E+10,Mckinley,,0.3,4,268,3469,0.0773,2
20200818,3.50E+10,McKinley,NW,0.45,6,395,5879,0.0672,2
20200818,3.50E+10,Cibola,,0.19,3,383,6460,0.0593,2
20200818,3.50E+10,Mckinley,Gallup,0.3,5,300,5248,0.0572,2
20200818,3.50E+10,Rio Arriba,,0.29,4,197,3505,0.0562,2
20200818,3.50E+10,Mckinley,Gallup,0.35,5,358,6533,0.0548,2
20200818,3.50E+10,Mckinley,Other,0.5,6,312,5708,0.0547,2
20200818,3.50E+10,San Juan,,0.22,4,180,3611,0.0498,2
20200818,3.50E+10,Mckinley,SW,0.42,6,103,2188,0.0471,2
20200818,3.50E+10,San Juan,,0.17,3,95,2037,0.0466,2
20200818,3.50E+10,Mckinley,SW,0.42,6,197,4232,0.0466,2
20200818,3.50E+10,Sandoval,Other West,0.3,5,112,2575,0.0435,3
20200818,3.50E+10,Sandoval,,0.24,4,171,4095,0.0418,3
20200818,3.50E+10,Bernalillo,,0.23,4,83,2015,0.0412,3
20200818,3.50E+10,Mckinley,Gallup,0.49,6,128,3164,0.0405,3
20200818,3.50E+10,Sandoval,,0.19,3,119,2977,0.04,3
20200818,3.50E+10,San Juan,,0.16,3,289,7529,0.0384,3
20200818,3.50E+10,Mckinley,NW,0.42,6,225,6153,0.0366,3
20200818,3.50E+10,Cibola,N/A,0.43,6,76,2097,0.0362,3
20200818,3.50E+10,San Juan,,0.29,4,170,4796,0.0354,3
20200818,3.50E+10,Mckinley,,0.15,3,186,5684,0.0327,3
20200818,3.50E+10,San Juan,,0.14,3,102,3197,0.0319,3
20200818,3.50E+10,Mckinley,,0.3,4,102,3245,0.0314,3
20200818,3.50E+10,Hidalgo,"Hidalgo County/Grant County, Other",0.34,5,73,2406,0.0303,3
20200818,3.50E+10,Dona Ana,,0.26,4,179,5914,0.0303,3
20200818,3.50E+10,Dona Ana,,0.29,4,176,6137,0.0287,3
20200818,3.50E+10,San Juan,West,0.41,6,142,4971,0.0286,3
20200818,3.50E+10,Dona Ana,Sunland Park,0.38,5,90,3348,0.0269,3
20200818,3.50E+10,Dona Ana,Sunland Park,0.37,5,155,6092,0.0254,3
20200818,3.50E+10,Bernalillo,Chavez OneEighteenth,0.34,5,28,1160,0.0241,3
20200818,3.50E+10,Luna,N/A,0.35,5,66,2736,0.0241,3
20200818,3.50E+10,Bernalillo,,0.26,4,102,4371,0.0233,3
20200818,3.50E+10,San Juan,,0.06,2,112,4892,0.0229,3
20200818,3.50E+10,Dona Ana,Anthony Berino Chaparral,0.47,6,142,6220,0.0228,3
20200818,3.50E+10,Sandoval,Other East,0.35,5,91,4009,0.0227,3
20200818,3.50E+10,Bernalillo,Comanche Carlysle,0.41,6,106,4670,0.0227,3
20200818,3.50E+10,Dona Ana,Sunland Park,0.45,6,88,3933,0.0224,3
20200818,3.50E+10,Lea,,0.11,3,101,4681,0.0216,3
20200818,3.50E+10,Dona Ana,Anthony Berino Chaparral,0.43,6,85,4127,0.0206,3
20200818,3.50E+10,Bernalillo,,0.18,3,74,3694,0.02,3
20200818,3.50E+10,Bernalillo,,0.19,3,45,2363,0.019,3
20200818,3.51E+10,Socorro,N/A,0.67,6,27,1444,0.0187,3
20200818,3.50E+10,Bernalillo,,0.18,3,105,5653,0.0186,3
20200818,3.50E+10,San Juan,Farmington Southeast,0.34,5,123,6723,0.0183,3
20200818,3.50E+10,San Juan,South,0.36,5,102,5685,0.0179,3
20200818,3.50E+10,Curry,Clovis West,0.31,5,43,2407,0.0179,3
20200818,3.50E+10,Lea,,0.05,2,48,2842,0.0169,3
20200818,3.50E+10,Lea,,0.21,4,52,3085,0.0169,3
20200818,3.50E+10,Lea,,0.08,2,28,1688,0.0166,3
20200818,3.50E+10,Curry,Clovis West,0.27,4,71,4388,0.0162,3
20200818,3.50E+10,Bernalillo,Arenal Unser,0.24,4,121,7566,0.016,3
20200818,3.50E+10,Roosevelt,"Roosevelt County/Curry County, Other",0.44,6,58,3647,0.0159,3
20200818,3.50E+10,Bernalillo,So. Ninetyeight,0.27,4,111,6995,0.0159,3
20200818,3.50E+10,San Juan,Farmington Southeast,0.19,3,53,3350,0.0158,3
20200818,3.51E+10,Valencia,SE,0.36,5,117,7474,0.0157,3
20200818,3.50E+10,Lea,Hobbs So.,0.32,5,67,4316,0.0155,3
20200818,3.50E+10,Lea,,0.1,3,61,3969,0.0154,3
20200818,3.50E+10,San Juan,Farmington Southeast,0.31,5,77,5106,0.0151,3
20200818,3.50E+10,Cibola,N/A,0.38,5,79,5251,0.015,3
20200818,3.50E+10,Bernalillo,Arenal Tapia,0.16,3,60,4109,0.0146,3
20200818,3.50E+10,Bernalillo,Chavez OneEighteenth,0.15,3,91,6270,0.0145,3
20200818,3.50E+10,Bernalillo,Academy Tramway,0.15,3,74,5162,0.0143,3
20200818,3.50E+10,Dona Ana,Anthony Berino Chaparral,0.42,6,96,6743,0.0142,3
20200818,3.50E+10,Bernalillo,Chavez OneEighteenth,0.12,3,101,7112,0.0142,3
20200818,3.50E+10,Santa Fe,Agua Fria Village,0.18,3,86,6110,0.0141,3
20200818,3.50E+10,San Juan,Farmington West/Kirtland/La Plata,0.2,3,74,5260,0.0141,3
20200818,3.50E+10,Bernalillo,Indian School Pennsylvania,0.16,3,51,3647,0.014,3
20200818,3.50E+10,Curry,Clovis West,0.38,5,71,5105,0.0139,3
20200818,3.50E+10,Lea,,0.08,2,36,2591,0.0139,3
20200818,3.50E+10,Dona Ana,Hatch and Surrounding Area,0.41,6,83,5977,0.0139,3
20200818,3.51E+10,Socorro,,0.18,3,23,1660,0.0139,3
20200818,3.50E+10,Dona Ana,South Valley,0.27,4,97,7020,0.0138,3
20200818,3.50E+10,Curry,Clovis East,0.42,6,67,4874,0.0137,3
20200818,3.50E+10,Otero,Other,0.32,5,53,3867,0.0137,3
20200818,3.50E+10,Curry,Clovis West,0.2,4,57,4223,0.0135,3
20200818,3.50E+10,Curry,Clovis East,0.2,4,86,6379,0.0135,3
20200818,3.50E+10,San Juan,Farmington North,0.12,3,30,2232,0.0134,3
20200818,3.50E+10,Bernalillo,Paseo Ventura,0.04,1,48,3606,0.0133,3
20200818,3.50E+10,Lea,Hobbs No.,0.22,4,91,6865,0.0133,3
20200818,3.50E+10,Chaves,Roswell N.W.,0.13,3,36,2723,0.0132,3
20200818,3.50E+10,Bernalillo,So. Ninetyeight,0.24,4,97,7442,0.013,3
20200818,3.50E+10,Mckinley,NW,0.37,5,49,3799,0.0129,3
20200818,3.50E+10,San Juan,Northeast/Bloomfield,0.25,4,58,4530,0.0128,3
20200818,3.50E+10,Lea,Hobbs So.,0.29,4,48,3771,0.0127,3
20200818,3.50E+10,San Juan,Farmington North,0.15,3,65,5128,0.0127,3
20200818,3.50E+10,Dona Ana,University District,0.3,4,45,3551,0.0127,3
20200818,3.50E+10,Bernalillo,Rio Bravo Second,0.35,5,60,4742,0.0127,3
20200818,3.50E+10,Bernalillo,Central Penn,0.47,6,68,5380,0.0126,3
20200818,3.50E+10,Lea,Hobbs So.,0.24,4,48,3812,0.0126,3
20200818,3.50E+10,Chaves,Roswell N.W.,0.16,3,71,5686,0.0125,3
20200818,3.50E+10,Dona Ana,Anthony Berino Chaparral,0.37,5,90,7256,0.0124,3
20200818,3.50E+10,Mckinley,SW,0.36,5,60,4849,0.0124,3
20200818,3.50E+10,Bernalillo,Central Tabo,0.25,4,76,6247,0.0122,3
20200818,3.51E+10,Valencia,SE,0.3,4,19,1575,0.0121,3
20200818,3.50E+10,Luna,,0.28,4,28,2327,0.012,3
20200818,3.50E+10,Santa Fe,Airport Road,0.17,3,68,5652,0.012,3
20200818,3.50E+10,Cibola,,0.27,4,49,4086,0.012,3
20200818,3.50E+10,Bernalillo,Lomas San Mateo,0.32,5,31,2613,0.0119,3
20200818,3.50E+10,Lea,,0.12,3,41,3490,0.0117,3
20200818,3.50E+10,Bernalillo,Southwest,0.15,3,120,10290,0.0117,3
20200818,3.50E+10,Lincoln,,0.18,3,77,6603,0.0117,3
20200818,3.50E+10,Lea,,0.14,3,57,4893,0.0116,3
20200818,3.50E+10,Roosevelt/Curry,,0.22,4,49,4223,0.0116,3
20200818,3.51E+10,Torrance,,0.29,4,76,6587,0.0115,3
20200818,3.50E+10,Bernalillo,Arenal Tapia,0.31,5,37,3236,0.0114,3
20200818,3.50E+10,Luna,,0.28,4,48,4240,0.0113,3
20200818,3.50E+10,San Juan,Northeast/Bloomfield,0.12,3,48,4261,0.0113,3
20200818,3.50E+10,Bernalillo,Central Tabo,0.32,5,71,6326,0.0112,3
20200818,3.50E+10,Curry,Clovis East,0.16,3,41,3656,0.0112,3
20200818,3.50E+10,Bernalillo,Central Penn,0.52,6,87,7787,0.0112,3
20200818,3.50E+10,Bernalillo,Gibson University,0.3,5,82,7414,0.0111,3
20200818,3.50E+10,Roosevelt,"Roosevelt County/Curry County, Other",0.3,5,51,4630,0.011,3
20200818,3.50E+10,Bernalillo,So. Ninetyeight,0.2,4,81,7425,0.0109,3
20200818,3.50E+10,San Juan,Farmington West/Kirtland/La Plata,0.23,4,24,2204,0.0109,3
20200818,3.50E+10,Bernalillo,Central Coors,0.37,5,91,8479,0.0107,3
20200818,3.50E+10,Bernalillo,Lomas Broadway,0.39,5,20,1864,0.0107,3
20200818,3.50E+10,Bernalillo,So. Ninetyeight,0.18,3,81,7574,0.0107,3
20200818,3.50E+10,Santa Fe,Agua Fria Neighborhood & Downtown,0.08,2,3,282,0.0106,3
20200818,3.50E+10,Bernalillo,No. Ninetyeight,0.06,2,34,3200,0.0106,3
20200818,3.50E+10,Mckinley,SW,0.54,6,15,1414,0.0106,3
20200818,3.50E+10,Santa Fe,Agua Fria Village,0.19,3,32,3031,0.0106,3
20200818,3.50E+10,San Juan,Northeast/Bloomfield,0.27,4,40,3790,0.0106,3
20200818,3.50E+10,Chaves,Roswell S.E.,0.24,4,49,4721,0.0104,3
20200818,3.50E+10,Dona Ana,Northwest Las Cruces,0.22,4,64,6198,0.0103,3
20200818,3.51E+10,Valencia,NE,0.38,5,49,4755,0.0103,3
20200818,3.50E+10,Eddy,Carlsbad,0.26,4,50,4876,0.0103,3
20200818,3.50E+10,McKinley,Other,0.41,6,22,2158,0.0102,3
20200818,3.50E+10,Lea,Hobbs No.,0.05,1,40,3956,0.0101,3
20200818,3.50E+10,Lea,,0.25,4,39,3875,0.0101,3
20200818,3.50E+10,Bernalillo,Arenal Unser,0.25,4,75,7475,0.01,3
20200818,3.50E+10,Lea,,0.16,3,24,2403,0.01,3
20200818,3.50E+10,Chaves,Roswell S.E.,0.3,5,20,2023,0.0099,3
20200818,3.50E+10,Cibola,,0.21,4,29,2949,0.0098,3
20200818,3.50E+10,San Juan,North/Aztec,0.16,3,60,6107,0.0098,3
20200818,3.50E+10,Cibola,,0.22,4,29,2991,0.0097,3
20200818,3.50E+10,Bernalillo,Central Coors,0.25,4,88,9085,0.0097,3
20200818,3.50E+10,Santa Fe,Bellamah/Stamm,0.24,4,26,2689,0.0097,3
20200818,3.50E+10,Dona Ana,Mesilla Picacho Mesilla Park,0.39,5,49,5084,0.0096,3
20200818,3.50E+10,Bernalillo,Chavez OneEighteenth,0.26,4,52,5409,0.0096,3
20200818,3.50E+10,Bernalillo,Comanche Carlysle,0.47,6,36,3745,0.0096,3
20200818,3.50E+10,Chaves,,0.17,3,37,3864,0.0096,3
20200818,3.51E+10,Valencia,Los Lunas,0.11,3,29,3030,0.0096,3
20200818,3.50E+10,Bernalillo,Irving Unser,0.06,2,26,2734,0.0095,3
20200818,3.50E+10,Lea,Hobbs No.,0.15,3,66,6955,0.0095,3
20200818,3.50E+10,Dona Ana,Sonoma Butterfield Moongate,0.18,3,147,15505,0.0095,3
20200818,3.50E+10,Lea,Hobbs No.,0.08,2,39,4115,0.0095,3
20200818,3.50E+10,Chaves,,0.34,5,58,6136,0.0095,3
20200818,3.50E+10,Bernalillo,Paseo Ventura,0.17,3,48,5084,0.0094,3
20200818,3.50E+10,Dona Ana,Sonoma Butterfield Moongate,0.3,5,76,8124,0.0094,3
20200818,3.50E+10,Eddy,,0.08,2,52,5573,0.0093,3
20200818,3.50E+10,Bernalillo,Indian School Pennsylvania,0.16,3,53,5721,0.0093,3
20200818,3.50E+10,Bernalillo,Rio Bravo Second,0.27,4,47,5085,0.0092,3
20200818,3.50E+10,San Juan,North/Aztec,0.11,3,37,4074,0.0091,3
20200818,3.50E+10,Bernalillo,Isleta Gun Club,0.18,3,40,4457,0.009,3
20200818,3.50E+10,Bernalillo,Central Tabo,0.36,5,55,6162,0.0089,3
20200818,3.50E+10,Chaves,Roswell N.W.,0.08,2,42,4710,0.0089,3
20200818,3.50E+10,Hidalgo County/Grant County,,0.21,4,17,1909,0.0089,3
20200818,3.50E+10,Bernalillo,Arenal Tapia,0.34,5,46,5190,0.0089,3
20200818,3.50E+10,Bernalillo,Arenal Tapia,0.29,4,32,3619,0.0088,3
20200818,3.50E+10,Bernalillo,Alameda Edith,0.11,3,54,6206,0.0087,3
20200818,3.50E+10,Dona Ana,South Valley,0.17,3,26,2993,0.0087,3
20200818,3.50E+10,Dona Ana,Dona Ana Fort Selden,0.17,3,89,10372,0.0086,3
20200818,3.50E+10,Dona Ana,Dona Ana Fort Selden,0.24,4,63,7347,0.0086,3
20200818,3.50E+10,Luna,N/A,0.32,5,45,5255,0.0086,3
20200818,3.50E+10,Santa Fe,Airport Road,0.17,3,26,3038,0.0086,3
20200818,3.50E+10,Bernalillo,No. Ninetyeight,0.06,2,45,5270,0.0085,3
20200818,3.50E+10,Roosevelt County/Curry County,,0.06,2,38,4477,0.0085,3
20200818,3.50E+10,Lincoln,,0.12,3,51,6049,0.0084,3
20200818,3.50E+10,Luna,N/A,0.35,5,36,4273,0.0084,3
20200818,3.50E+10,Quay/DeBaca/Harding,,0.11,3,23,2749,0.0084,3
20200818,3.50E+10,Dona Ana,South Valley,0.24,4,26,3117,0.0083,3
20200818,3.50E+10,Santa Fe,Bellamah/Stamm,0.1,3,14,1690,0.0083,3
20200818,3.50E+10,Bernalillo,Isleta Gun Club,0.21,4,47,5679,0.0083,3
20200818,3.50E+10,Bernalillo,Arenal Tapia,0.33,5,30,3628,0.0083,3
20200818,3.50E+10,Lea,,0.19,3,29,3525,0.0082,3
20200818,3.50E+10,Bernalillo,Irving Unser,0.07,2,30,3654,0.0082,3
20200818,3.50E+10,Bernalillo,Central Tabo,0.08,2,39,4784,0.0082,3
20200818,3.50E+10,Bernalillo,Comanche Juan Tabo,0.23,4,29,3601,0.0081,3
20200818,3.50E+10,Dona Ana,South Valley,0.21,4,14,1747,0.008,3
20200818,3.50E+10,Dona Ana,Las Alturas Talavera,0.28,4,36,4516,0.008,3
20200818,3.50E+10,Eddy,,0.16,3,19,2400,0.0079,3
20200818,3.50E+10,Sandoval,Other West,0.68,6,23,2921,0.0079,3
20200818,3.50E+10,Eddy,Carlsbad,0.12,3,46,5854,0.0079,3
20200818,3.50E+10,Bernalillo,Paseo Ventura,0.04,1,33,4244,0.0078,3
20200818,3.50E+10,Dona Ana,University District,0.5,6,56,7212,0.0078,3
20200818,3.50E+10,Bernalillo,Alameda Edith,0.13,3,44,5669,0.0078,3
20200818,3.50E+10,Bernalillo,Lomas Broadway,0.35,5,25,3223,0.0078,3
20200818,3.50E+10,Dona Ana,Northwest Las Cruces,0.38,5,39,5050,0.0077,3
20200818,3.50E+10,Bernalillo,Academy Tramway,0.13,3,35,4549,0.0077,3
20200818,3.50E+10,Curry,Clovis East,0.06,2,50,6499,0.0077,3
20200818,3.51E+10,Colfax/Union,,0.14,3,32,4163,0.0077,3
20200818,3.50E+10,Bernalillo,Central Coors,0.15,3,41,5341,0.0077,3
20200818,3.50E+10,Cibola,,0.22,4,25,3269,0.0076,3
20200818,3.50E+10,McKinley,,0.13,3,8,1049,0.0076,3
20200818,3.50E+10,Santa Fe,Bellamah/Stamm,0.19,3,15,1967,0.0076,3
20200818,3.50E+10,Bernalillo,Lomas Girard,0.12,3,8,1052,0.0076,3
20200818,3.50E+10,Roosevelt/Curry,,0.15,3,32,4217,0.0076,3
20200818,3.50E+10,Bernalillo,Comanche Carlysle,0.22,4,25,3302,0.0076,3
20200818,3.50E+10,Sandoval,Bernalillo/Placitas,0.24,4,36,4766,0.0076,3
20200818,3.50E+10,Mora/Guadalupe/San Miguel East,,0.15,3,33,4381,0.0075,3
20200818,3.50E+10,Dona Ana,University District,0.35,5,48,6390,0.0075,3
20200818,3.50E+10,Chaves,,0.26,4,12,1604,0.0075,3
20200818,3.50E+10,Bernalillo,Montgomery Louisiana,0.13,3,38,5087,0.0075,3
20200818,3.50E+10,Bernalillo,Lomas Broadway,0.36,5,18,2419,0.0074,3
20200818,3.50E+10,Bernalillo,Comanche Juan Tabo,0.07,2,20,2694,0.0074,3
20200818,3.50E+10,Bernalillo,Montgomery Moon,0.11,3,40,5415,0.0074,3
20200818,3.50E+10,Chaves,Roswell N.W.,0.22,4,28,3791,0.0074,3
20200818,3.50E+10,Bernalillo,Lomas Broadway,0.23,4,20,2708,0.0074,3
20200818,3.50E+10,Dona Ana,Central Las Cruces,0.31,5,23,3126,0.0074,3
20200818,3.50E+10,Bernalillo,Indian School Pennsylvania,0.14,3,25,3407,0.0073,3
20200818,3.50E+10,Bernalillo,No. Ninetyeight,0.3,5,32,4410,0.0073,3
20200818,3.50E+10,Sandoval,"Rio Rancho Blvd, No.",0.1,2,72,9986,0.0072,3
20200818,3.51E+10,Valencia,NE,0.26,4,6,834,0.0072,3
20200818,3.50E+10,Santa Fe,Agua Fria Neighborhood + Downtown,0.23,4,26,3637,0.0071,3
20200818,3.50E+10,Bernalillo,Candelaria Second,0.19,3,21,2941,0.0071,3
20200818,3.50E+10,Sandoval,Bernalillo/Placitas,0.15,3,27,3785,0.0071,3
20200818,3.50E+10,Eddy,,0.24,4,50,7039,0.0071,3
20200818,3.50E+10,San Juan,North/Aztec,0.11,3,14,1974,0.0071,3
20200818,3.50E+10,San Juan,North/Aztec,0.16,3,9,1274,0.0071,3
20200818,3.50E+10,Chaves,Roswell S.E.,0.18,3,31,4392,0.0071,3
20200818,3.50E+10,Chaves,Roswell S.E.,0.21,4,27,3838,0.007,3
20200818,3.50E+10,Bernalillo,Indian School Pennsylvania,0.17,3,27,3857,0.007,3
20200818,3.50E+10,Bernalillo,Paseo Louisiana,0.12,3,45,6485,0.0069,3
20200818,3.50E+10,Bernalillo,Candelaria Second,0.2,4,28,4038,0.0069,3
20200818,3.50E+10,Sandoval,Rio Rancho West,0.12,3,39,5639,0.0069,3
20200818,3.51E+10,Valencia,West and Belen,0.23,4,14,2026,0.0069,3
20200818,3.50E+10,Bernalillo,Alameda Coors,0.07,2,46,6663,0.0069,3
20200818,3.50E+10,Bernalillo,No. Ninetyeight,0.07,2,46,6736,0.0068,3
20200818,3.50E+10,Dona Ana,Central Las Cruces,0.28,4,40,5871,0.0068,3
20200818,3.50E+10,Bernalillo,Southwest,0.27,4,17,2531,0.0067,3
20200818,3.50E+10,Bernalillo,No. Ninetyeight,0.13,3,43,6425,0.0067,3
20200818,3.50E+10,Bernalillo,Central Penn,0.44,6,41,6165,0.0067,3
20200818,3.50E+10,Bernalillo,Alameda Edith,0.06,2,43,6494,0.0066,3
20200818,3.50E+10,San Juan,South,0.09,2,13,1973,0.0066,3
20200818,3.50E+10,Bernalillo,Montgomery Moon,0.26,4,18,2737,0.0066,3
20200818,3.50E+10,San Juan,North/Aztec,0.22,4,29,4412,0.0066,3
20200818,3.50E+10,Bernalillo,Montgomery Louisiana,0.22,4,47,7176,0.0065,3
20200818,3.50E+10,Bernalillo,Lomas Girard,0.18,3,39,6006,0.0065,3
20200818,3.50E+10,Chaves,,0.16,3,18,2787,0.0065,3
20200818,3.50E+10,Bernalillo,Montgomery Moon,0.16,3,15,2334,0.0064,3
20200818,3.50E+10,Eddy,,0.21,4,45,7064,0.0064,3
20200818,3.50E+10,Dona Ana,Northwest Las Cruces,0.22,4,26,4082,0.0064,3
20200818,3.50E+10,Bernalillo,Central Tabo,0.17,3,24,3769,0.0064,3
20200818,3.50E+10,Dona Ana,Dona Ana Fort Selden,0.16,3,42,6610,0.0064,3
20200818,3.50E+10,Sandoval,Rio Rancho So.,0.14,3,36,5670,0.0063,3
20200818,3.50E+10,Bernalillo,Comanche Carlysle,0.11,3,21,3314,0.0063,3
20200818,3.50E+10,Chaves,,0.18,3,19,2999,0.0063,3
20200818,3.50E+10,San Juan,Farmington North,0.08,2,27,4272,0.0063,3
20200818,3.50E+10,Dona Ana,Central Las Cruces,0.2,4,24,3802,0.0063,3
20200818,3.50E+10,Bernalillo,Montano Coors,0.09,2,12,1930,0.0062,3
20200818,3.50E+10,Bernalillo,Del Norte,0.03,1,46,7416,0.0062,3
20200818,3.51E+10,Valencia,Los Lunas,0.17,3,30,4842,0.0062,3
20200818,3.51E+10,Santa Fe,Pueblos Plus,0.33,5,20,3237,0.0062,3
20200818,3.50E+10,Bernalillo,Montano Rio Grande,0.09,2,32,5244,0.0061,3
20200818,3.50E+10,Bernalillo,Paseo Ventura,0.03,1,45,7389,0.0061,3
20200818,3.51E+10,Valencia,Los Lunas,0.12,3,20,3286,0.0061,3
20200818,3.50E+10,Chaves,Roswell N.W.,0.24,4,39,6422,0.0061,3
20200818,3.50E+10,Bernalillo,Comanche Juan Tabo,0.05,1,17,2823,0.006,3
20200818,3.50E+10,Dona Ana,Las Alturas Talavera,0.13,3,27,4510,0.006,3
20200818,3.50E+10,Bernalillo,Montano Coors,0.18,3,22,3684,0.006,3
20200818,3.50E+10,Bernalillo,Alameda Coors,0.14,3,45,7592,0.0059,3
20200818,3.51E+10,Torrance,,0.23,4,18,3047,0.0059,3
20200818,3.50E+10,Dona Ana,Central Las Cruces,0.4,5,17,2880,0.0059,3
20200818,3.50E+10,Eddy,Carlsbad,0.09,2,28,4772,0.0059,3
20200818,3.50E+10,Santa Fe,Bellamah/Stamm,0.07,2,31,5303,0.0058,3
20200818,3.50E+10,Sandoval,"Rio Rancho Blvd, No.",0.08,2,31,5442,0.0057,3
20200818,3.50E+10,Bernalillo,Montgomery Louisiana,0.08,2,17,2994,0.0057,3
20200818,3.50E+10,Military Bases,,0.04,1,23,4125,0.0056,3
20200818,3.50E+10,Bernalillo,Irving Unser,0.09,2,53,9539,0.0056,3
20200818,3.50E+10,Bernalillo,Montgomery Louisiana,0.12,3,16,2887,0.0055,3
20200818,3.50E+10,Bernalillo,Lomas Broadway,0.38,5,13,2348,0.0055,3
20200818,3.50E+10,Bernalillo,Montgomery Louisiana,0.27,4,11,1988,0.0055,3
20200818,3.50E+10,Roosevelt/Curry,,0.18,3,20,3615,0.0055,3
20200818,3.50E+10,Dona Ana,Hatch and Surrounding Area,0.06,2,34,6163,0.0055,3
20200818,3.50E+10,Bernalillo,Indian School Pennsylvania,0.11,3,28,5104,0.0055,3
20200818,3.50E+10,Bernalillo,Indian School Pennsylvania,0.14,3,7,1278,0.0055,3
20200818,3.50E+10,Chaves,Roswell S.E.,0.37,5,27,4930,0.0055,3
20200818,3.50E+10,Sandoval,Rio Rancho So.,0.14,3,23,4216,0.0055,3
20200818,3.50E+10,Bernalillo,Gibson University,0.31,5,14,2571,0.0054,3
20200818,3.50E+10,Bernalillo,Paseo Louisiana,0.11,3,31,5704,0.0054,3
20200818,3.50E+10,Bernalillo,Del Norte,0.16,3,28,5183,0.0054,3
20200818,3.50E+10,Lincoln,,0.17,3,13,2408,0.0054,3
20200818,3.50E+10,Santa Fe,Agua Fria Neighborhood + Downtown,0.16,3,8,1482,0.0054,3
20200818,3.50E+10,Lincoln,,0.18,3,15,2801,0.0054,3
20200818,3.50E+10,Santa Fe,South,0.26,4,13,2447,0.0053,3
20200818,3.50E+10,Bernalillo,Paseo Ventura,0.02,1,26,4925,0.0053,3
20200818,3.50E+10,Rio Arriba,Espanola and Pueblos,0.37,5,19,3627,0.0052,3
20200818,3.50E+10,Bernalillo,Alameda Coors,0.17,3,41,7831,0.0052,3
20200818,3.50E+10,Bernalillo,Lomas Broadway,0.23,4,19,3645,0.0052,3
20200818,3.50E+10,Santa Fe,Airport Road,0.25,4,5,961,0.0052,3
20200818,3.50E+10,Santa Fe,Agua Fria Village,0.09,2,28,5401,0.0052,3
20200818,3.50E+10,Santa Fe,Agua Fria Village,0.12,3,17,3289,0.0052,3
20200818,3.50E+10,Quay/DeBaca/Harding,,0.27,4,14,2716,0.0052,3
20200818,3.50E+10,Bernalillo,Lomas Broadway,0.18,3,17,3304,0.0051,3
20200818,3.50E+10,Bernalillo,Indian School Juan Tabo,0.23,4,17,3334,0.0051,3
20200818,3.50E+10,Dona Ana,Central Las Cruces,0.28,4,15,2973,0.005,3
20200818,3.50E+10,Eddy,Carlsbad,0.1,2,19,3771,0.005,3
20200818,3.50E+10,Sandoval,Rio Rancho West,0.15,3,56,11130,0.005,3
20200818,3.50E+10,Chaves,Roswell N.W.,0.13,3,21,4186,0.005,3
20200818,3.50E+10,Luna,,0.24,4,29,5804,0.005,4
20200818,3.50E+10,Bernalillo,Lomas San Mateo,0.13,3,22,4430,0.005,4
20200818,3.50E+10,Sandoval,"Rio Rancho Blvd, So.",0.14,3,31,6268,0.0049,4
20200818,3.50E+10,Bernalillo,Indian School Juan Tabo,0.12,3,14,2839,0.0049,4
20200818,3.50E+10,Bernalillo,Irving Unser,0.1,2,19,3868,0.0049,4
20200818,3.50E+10,Dona Ana,Las Alturas Talavera,0.08,2,19,3870,0.0049,4
20200818,3.50E+10,Santa Fe,East Foothills + Eldorado,0.12,3,12,2447,0.0049,4
20200818,3.51E+10,Taos,Northwest,0.12,3,31,6350,0.0049,4
20200818,3.50E+10,Bernalillo,Indian School Juan Tabo,0.26,4,16,3278,0.0049,4
20200818,3.50E+10,Bernalillo,Lomas San Mateo,0.26,4,23,4734,0.0049,4
20200818,3.50E+10,Bernalillo,Montgomery Moon,0.1,2,12,2472,0.0049,4
20200818,3.50E+10,Bernalillo,Central Tabo,0.16,3,21,4329,0.0049,4
20200818,3.50E+10,Rio Arriba,North,0.26,4,17,3518,0.0048,4
20200818,3.50E+10,Eddy,Carlsbad,0.27,4,9,1866,0.0048,4
20200818,3.50E+10,Quay/DeBaca/Harding,,0.27,4,14,2903,0.0048,4
20200818,3.50E+10,Bernalillo,East Gateway,0.1,3,10,2095,0.0048,4
20200818,3.50E+10,Bernalillo,Irving Unser,0.15,3,17,3575,0.0048,4
20200818,3.51E+10,Valencia,NE,0.17,3,31,6537,0.0047,4
20200818,3.51E+10,Valencia,West and Belen,0.15,3,32,6768,0.0047,4
20200818,3.51E+10,Santa Fe,Pueblos Plus,0.13,3,16,3435,0.0047,4
20200818,3.50E+10,Sandoval,"Rio Rancho Blvd, So.",0.13,3,18,3867,0.0047,4
20200818,3.50E+10,Roosevelt/Curry,,0.2,3,15,3246,0.0046,4
20200818,3.50E+10,San Juan,West,0.4,6,12,2625,0.0046,4
20200818,3.50E+10,Bernalillo,Candelaria Second,0.2,4,25,5478,0.0046,4
20200818,3.51E+10,Taos,Downtown and High Road,0.17,3,35,7707,0.0045,4
20200818,3.50E+10,Sandoval,Rio Rancho West,0.14,3,22,4845,0.0045,4
20200818,3.50E+10,Sandoval,Rio Rancho West,0.18,3,27,5968,0.0045,4
20200818,3.50E+10,Bernalillo,Del Norte,0.08,2,17,3776,0.0045,4
20200818,3.50E+10,Santa Fe,South,0.1,2,6,1345,0.0045,4
20200818,3.50E+10,Bernalillo,Paseo Louisiana,0.11,3,21,4719,0.0045,4
20200818,3.50E+10,Bernalillo,Indian School Juan Tabo,0.16,3,21,4744,0.0044,4
20200818,3.50E+10,Sandoval,,0.26,4,9,2039,0.0044,4
20200818,3.50E+10,Sandoval,"Rio Rancho Blvd, No.",0.06,2,41,9312,0.0044,4
20200818,3.50E+10,Bernalillo,Academy Tramway,0.05,1,8,1819,0.0044,4
20200818,3.50E+10,Santa Fe,East Foothills + Eldorado,0.06,2,8,1821,0.0044,4
20200818,3.50E+10,Santa Fe,Bellamah/Stamm,0.07,2,7,1617,0.0043,4
20200818,3.51E+10,Valencia,Los Lunas,0.1,2,22,5088,0.0043,4
20200818,3.50E+10,Bernalillo,Del Norte,0.04,1,14,3245,0.0043,4
20200818,3.50E+10,Bernalillo,Alameda Coors,0.16,3,9,2090,0.0043,4
20200818,3.50E+10,Eddy,Carlsbad,0.08,2,26,6119,0.0042,4
20200818,3.50E+10,Dona Ana,Sonoma Butterfield Moongate,0.25,4,22,5287,0.0042,4
20200818,3.50E+10,Santa Fe,Opera Vicinity,0.09,2,12,2886,0.0042,4
20200818,3.50E+10,Bernalillo,Indian School Juan Tabo,0.13,3,12,2900,0.0041,4
20200818,3.51E+10,Valencia,SE,0.19,3,19,4597,0.0041,4
20200818,3.51E+10,Valencia,West and Belen,0.2,4,19,4602,0.0041,4
20200818,3.50E+10,Sandoval,"Rio Rancho Blvd, No.",0.1,3,29,7027,0.0041,4
20200818,3.50E+10,Bernalillo,Lomas San Mateo,0.12,3,14,3450,0.0041,4
20200818,3.50E+10,Bernalillo,Lomas San Mateo,0.13,3,21,5186,0.004,4
20200818,3.50E+10,Dona Ana,Northwest Las Cruces,0.16,3,20,4969,0.004,4
20200818,3.50E+10,Bernalillo,Lomas Girard,0.29,4,20,5011,0.004,4
20200818,3.50E+10,Bernalillo,Montano Coors,0.16,3,10,2526,0.004,4
20200818,3.50E+10,Grant,Silver City,0.36,5,16,4046,0.004,4
20200818,3.51E+10,Taos,Downtown and High Road,0.22,4,24,6144,0.0039,4
20200818,3.50E+10,Bernalillo,Paseo Louisiana,0.08,2,13,3330,0.0039,4
20200818,3.50E+10,Sandoval,"Rio Rancho Blvd, So.",0.16,3,20,5133,0.0039,4
20200818,3.50E+10,Sandoval,Corrales,0.07,2,18,4625,0.0039,4
20200818,3.50E+10,Bernalillo,Irving Unser,0.04,1,20,5147,0.0039,4
20200818,3.50E+10,Bernalillo,Central Penn,0.27,4,17,4380,0.0039,4
20200818,3.50E+10,Hidalgo/Grant,,0.23,4,11,2845,0.0039,4
20200818,3.50E+10,Santa Fe,Airport Road,0.13,3,29,7510,0.0039,4
20200818,3.50E+10,Otero,Alamogordo N.E.,0.16,3,15,3895,0.0039,4
20200818,3.50E+10,Bernalillo,Montano Coors,0.05,1,20,5201,0.0038,4
20200818,3.50E+10,Dona Ana,Mesilla Picacho Mesilla Park,0.18,3,16,4189,0.0038,4
20200818,3.50E+10,San Juan,North/Aztec,0.04,1,13,3424,0.0038,4
20200818,3.50E+10,Sandoval,Corrales,0.03,1,16,4274,0.0037,4
20200818,3.50E+10,Eddy,Carlsbad,0.23,4,13,3539,0.0037,4
20200818,3.50E+10,Dona Ana,University District,0.64,6,16,4369,0.0037,4
20200818,3.51E+10,Taos,Downtown and High Road,0.25,4,7,1913,0.0037,4
20200818,3.50E+10,Bernalillo,East Gateway,0.07,2,22,6041,0.0036,4
20200818,3.51E+10,Sierra/Catron,,0.23,4,9,2482,0.0036,4
20200818,3.50E+10,Santa Fe,South,0.15,3,17,4714,0.0036,4
20200818,3.50E+10,Military Bases,,0.07,2,9,2520,0.0036,4
20200818,3.50E+10,Bernalillo,East Mountain,0.1,3,16,4539,0.0035,4
20200818,3.50E+10,Santa Fe,East Foothills + Eldorado,0.07,2,17,4839,0.0035,4
20200818,3.50E+10,Bernalillo,Paseo Ventura,0.05,1,10,2852,0.0035,4
20200818,3.50E+10,San Juan,South,0.11,3,4,1143,0.0035,4
20200818,3.50E+10,Bernalillo,Indian School Pennsylvania,0.13,3,14,4046,0.0035,4
20200818,3.50E+10,Dona Ana,Mesilla Picacho Mesilla Park,0.13,3,10,2890,0.0035,4
20200818,3.51E+10,Valencia,NE,0.1,3,13,3789,0.0034,4
20200818,3.50E+10,Bernalillo,Gibson University,0.27,4,11,3210,0.0034,4
20200818,3.51E+10,Valencia,SE,0.13,3,22,6452,0.0034,4
20200818,3.50E+10,Bernalillo,Indian School Juan Tabo,0.05,2,10,2938,0.0034,4
20200818,3.50E+10,Bernalillo,Comanche Juan Tabo,0.2,3,11,3239,0.0034,4
20200818,3.51E+10,Santa Fe,Pueblos Plus,0.17,3,5,1475,0.0034,4
20200818,3.50E+10,Sandoval,Rio Rancho So.,0.05,1,29,8616,0.0034,4
20200818,3.50E+10,Bernalillo,Academy Tramway,0.04,1,8,2393,0.0033,4
20200818,3.50E+10,Otero,Alamogordo N.E.,0.09,2,11,3329,0.0033,4
20200818,3.50E+10,San Juan,South,0.29,4,6,1816,0.0033,4
20200818,3.50E+10,Otero,,0.17,3,9,2735,0.0033,4
20200818,3.50E+10,San Miguel,Las Vegas,0.35,5,14,4281,0.0033,4
20200818,3.50E+10,Santa Fe,Agua Fria Neighborhood + Downtown,0.15,3,7,2163,0.0032,4
20200818,3.50E+10,Bernalillo,Candelaria Second,0.19,3,16,4951,0.0032,4
20200818,3.50E+10,Otero,Alamogordo S.W.,0.23,4,17,5265,0.0032,4
20200818,3.50E+10,Bernalillo,Comanche Carlysle,0.24,4,9,2796,0.0032,4
20200818,3.50E+10,Bernalillo,Academy Tramway,0.04,1,9,2809,0.0032,4
20200818,3.50E+10,Santa Fe,East Foothills + Eldorado,0.04,1,10,3126,0.0032,4
20200818,3.51E+10,Torrance,,0.27,4,7,2207,0.0032,4
20200818,3.50E+10,San Juan,Northeast/Bloomfield,0.34,5,10,3153,0.0032,4
20200818,3.50E+10,Santa Fe,Bellamah/Stamm,0.11,3,8,2528,0.0032,4
20200818,3.51E+10,Sierra/Catron,,0.28,4,10,3167,0.0032,4
20200818,3.50E+10,Santa Fe,Agua Fria Neighborhood + Downtown,0.14,3,6,1924,0.0031,4
20200818,3.50E+10,Sandoval,Rio Rancho So.,0.1,2,20,6449,0.0031,4
20200818,3.50E+10,Grant,Silver City,0.26,4,20,6454,0.0031,4
20200818,3.50E+10,Bernalillo,Montano Rio Grande,0.12,3,9,2913,0.0031,4
20200818,3.50E+10,Rio Arriba,Espanola and Pueblos,0.28,4,19,6162,0.0031,4
20200818,3.50E+10,Bernalillo,Academy Tramway,0.02,1,19,6320,0.003,4
20200818,3.50E+10,San Miguel,Las Vegas,0.33,5,13,4351,0.003,4
20200818,3.50E+10,Bernalillo,Lomas Broadway,0.24,4,3,1039,0.0029,4
20200818,3.50E+10,Quay/DeBaca/Harding,,0.18,3,2,698,0.0029,4
20200818,3.50E+10,Bernalillo,Academy Tramway,0.15,3,14,4920,0.0028,4
20200818,3.51E+10,Valencia,West and Belen,0.23,4,14,4991,0.0028,4
20200818,3.50E+10,Bernalillo,Lomas Girard,0.46,6,8,2897,0.0028,4
20200818,3.51E+10,Valencia,West and Belen,0.17,3,7,2633,0.0027,4
20200818,3.51E+10,Sierra/Catron,,0.09,2,6,2290,0.0026,4
20200818,3.50E+10,Otero,,0.11,3,16,6182,0.0026,4
20200818,3.50E+10,Santa Fe,Opera Vicinity,0.03,1,10,3864,0.0026,4
20200818,3.50E+10,San Juan,West,0.3,4,7,2717,0.0026,4
20200818,3.50E+10,Bernalillo,East Mountain,0.07,2,9,3533,0.0025,4
20200818,3.51E+10,Socorro,N/A,0.31,5,9,3553,0.0025,4
20200818,3.51E+10,Sierra,N/A,0.35,5,8,3180,0.0025,4
20200818,3.50E+10,Santa Fe,South,0.04,1,11,4380,0.0025,4
20200818,3.50E+10,Los Alamos,,0.05,1,10,3994,0.0025,4
20200818,3.50E+10,Otero,Alamogordo S.W.,0.33,5,5,2004,0.0025,4
20200818,3.50E+10,Santa Fe,Opera Vicinity,0.1,2,9,3613,0.0025,4
20200818,3.50E+10,Otero,Alamogordo N.E.,0.23,4,6,2471,0.0024,4
20200818,3.50E+10,Hidalgo/Grant,,0.11,3,4,1677,0.0024,4
20200818,3.51E+10,Socorro,,0.22,4,10,4194,0.0024,4
20200818,3.50E+10,Santa Fe,Airport Road,0.06,2,4,1746,0.0023,4
20200818,3.50E+10,San Miguel,Las Vegas,0.41,6,7,3093,0.0023,4
20200818,3.50E+10,Santa Fe,Bellamah/Stamm,0.08,2,6,2668,0.0022,4
20200818,3.50E+10,Bernalillo,East Gateway,0.17,3,10,4491,0.0022,4
20200818,3.50E+10,Santa Fe,South,0.1,2,4,1824,0.0022,4
20200818,3.50E+10,Colfax/Union,,0.23,4,11,5038,0.0022,4
20200818,3.50E+10,Santa Fe,Agua Fria Neighborhood + Downtown,0.13,3,8,3673,0.0022,4
20200818,3.50E+10,Sandoval,Bernalillo/Placitas,0.13,3,16,7350,0.0022,4
20200818,3.50E+10,Bernalillo,Comanche Juan Tabo,0.2,4,7,3216,0.0022,4
20200818,3.51E+10,Socorro,,0.28,4,6,2798,0.0021,4
20200818,3.50E+10,Eddy,,0.12,3,11,5288,0.0021,4
20200818,3.50E+10,Rio Arriba,Espanola and Pueblos,0.22,4,14,6771,0.0021,4
20200818,3.50E+10,Otero,Alamogordo S.W,0.1,3,15,7325,0.002,4
20200818,3.50E+10,Santa Fe,Opera Vicinity,0.06,2,8,3956,0.002,4
20200818,3.50E+10,Bernalillo,Comanche Juan Tabo,0.08,2,5,2568,0.0019,4
20200818,3.50E+10,Bernalillo,Montano Rio Grande,0.18,3,8,4161,0.0019,4
20200818,3.50E+10,Santa Fe,Agua Fria Neighborhood + Downtown,0.07,2,4,2110,0.0019,4
20200818,3.50E+10,Bernalillo,East Gateway,0.04,1,8,4255,0.0019,4
20200818,3.50E+10,Bernalillo,East Mountain,0.04,1,6,3216,0.0019,4
20200818,3.50E+10,Sandoval,,0.2,3,4,2167,0.0018,4
20200818,3.50E+10,Bernalillo,East Gateway,0.04,1,5,2737,0.0018,4
20200818,3.50E+10,Grant,Silver City,0.17,3,10,5481,0.0018,4
20200818,3.50E+10,Santa Fe,Pueblos Plus,0.04,1,4,2205,0.0018,4
20200818,3.51E+10,Santa Fe,Pueblos Plus,0.19,3,3,1671,0.0018,4
20200818,3.50E+10,Rio Arriba,Espanola and Pueblos,0.31,5,6,3343,0.0018,4
20200818,3.51E+10,Valencia,SE,0.17,3,5,2787,0.0018,4
20200818,3.50E+10,Lincoln,,0.23,4,3,1688,0.0018,4
20200818,3.51E+10,Torrance,,0.23,4,7,3970,0.0018,4
20200818,3.50E+10,Santa Fe,East Foothills + Eldorado,0.07,2,9,5434,0.0017,4
20200818,3.51E+10,Taos,Downtown and High Road,0.17,3,13,7871,0.0017,4
20200818,3.50E+10,Bernalillo,East Mountain,0.04,1,9,5512,0.0016,4
20200818,3.51E+10,Santa Fe,Pueblos Plus,0.14,3,3,1843,0.0016,4
20200818,3.50E+10,Rio Arriba,Espanola and Pueblos,0.2,3,7,4360,0.0016,4
20200818,3.50E+10,Colfax/Union,,0.19,3,6,3889,0.0015,4
20200818,3.50E+10,Rio Arriba,North,0.22,4,7,4615,0.0015,4
20200818,3.50E+10,Santa Fe,East Foothills + Eldorado,0.09,2,4,2885,0.0014,4
20200818,3.50E+10,San Miguel,N/A,0.33,5,3,2290,0.0013,4
20200818,3.50E+10,Santa Fe,Agua Fria Neighborhood + Downtown,0.09,2,3,2331,0.0013,4
20200818,3.50E+10,Bernalillo,East Mountain,0.07,2,3,2433,0.0012,4
20200818,3.50E+10,Otero,Alamogordo S.W.,0.44,6,2,1682,0.0012,4
20200818,3.50E+10,Otero,Alamogordo N.E.,0.14,3,6,5135,0.0012,4
20200818,3.51E+10,Socorro,N/A,0.32,5,4,3459,0.0012,4
20200818,3.50E+10,Otero,Alamogordo N.E.,0.08,2,4,3466,0.0012,4
20200818,3.50E+10,Los Alamos,,0.11,3,4,3481,0.0011,4
20200818,3.50E+10,Mora/Guadalupe/San Miguel East,,0.19,3,5,4505,0.0011,4
20200818,3.50E+10,San Miguel,Las Vegas,0.32,5,4,3651,0.0011,4
20200818,3.50E+10,Military Bases,,0.02,1,2,1840,0.0011,4
20200818,3.50E+10,Hidalgo/Grant,,0.23,4,3,2874,0.001,4
20200818,3.50E+10,Hidalgo/Grant,,0.1,2,2,1969,0.001,4
20200818,3.50E+10,Mora/Guadalupe/San Miguel East,,0.17,3,4,4145,0.001,4
20200818,3.50E+10,Los Alamos,,0.06,2,5,5323,0.0009,4
20200818,3.50E+10,Hidalgo/Grant,,0.15,3,2,2281,0.0009,4
20200818,3.50E+10,Sierra/Catron,,0.23,4,3,3518,0.0009,4
20200818,3.50E+10,Military Bases,,0.11,3,3,3678,0.0008,4
20200818,3.50E+10,Santa Fe,Pueblos Plus,0.21,4,4,5014,0.0008,4
20200818,3.50E+10,Santa Fe,Pueblos Plus,0.18,3,1,1317,0.0008,4
20200818,3.50E+10,Los Alamos,,0.02,1,4,6011,0.0007,4
20200818,3.50E+10,San Miguel,Pecos/Villanueva,0.19,3,4,6219,0.0006,4
20200818,3.50E+10,Santa Fe,East Foothills + Eldorado,0.07,2,2,3189,0.0006,4
20200818,3.50E+10,Rio Arriba,Espanola and Pueblos,0.27,4,2,3216,0.0006,4
20200818,3.50E+10,Bernalillo,Montgomery Louisiana,0.08,2,1,1823,0.0005,4
20200818,3.51E+10,Taos,Northwest,0.38,5,1,2922,0.0003,4
20200818,3.50E+10,Santa Fe,Agua Fria Neighborhood + Downtown,0.26,4,1,3085,0.0003,4
20200818,3.50E+10,Otero,,0.15,3,1,3186,0.0003,4
20200818,3.50E+10,Colfax,,0.3,5,1,3220,0.0003,4
20200818,3.50E+10,Quay/DeBaca/Harding,,0.17,3,0,1805,0,4
20200818,3.50E+10,Otero,,0.15,3,0,2223,0,4